file,sprite,id,kind,rarity,status,active_type,name_key,name_en,name_ko,categories,effect_ko,effect_en
Absolute Ring,Valiya,1112,artifact,3,active,Default,Item_SweepRange_Enhanced_Name,Absolute Ring,절대반지,STURDY,특수 공격 범위 +30/45/60% / 특수 공격 피해 +10/20/45%,Special Attack Range +30/45/60% / Special Attack Damage +10/20/45%
Academy Brigandine,Brigandine,1216,artifact,2,active,Locked,Item_Brigandine_Name,Academy Brigandine,아카데미 브리건딘,"GUARDIAN, ACADEMY",+2/3/4/6/8/10 방어력 / +14/18/20/24/29/35 마법서 가속,+2/3/4/6/8/10 Defense / +14/18/20/24/29/35 Grimoire Haste
Academy Fountain Pen,FountainPen,1291,artifact,2,active,Locked,Item_EvasionCooldown_Name,Academy Fountain Pen,아카데미 만년필,"SHADOW, ACADEMY",회피 성공 시 모든 마법서 재사용 대기시간 5/10/15/20/25% 가속 / 회피 수치 4당 마법서 피해량 1% 획득,Accelerate all Grimoire cooldowns by 5/10/15/20/25% upon successful Evasion / Gain Grimoire Damage 1% per 4 Evasion
"Agma Projection Sword No. 190, 191",BladeOfLight,1181,artifact,2,active,Locked,Item_SwordOfLight_Name,"Agma Projection Sword No. 190, 191","아그마 투영검 190,191번",STURDY,+2/3/4/6/8//10/12/14 물리 피해,+2/3/4/6/8//10/12/14 Physical Damage
Ahmad’s Spirit Powder,JellyFishDust1,1200,artifact,1,active,Locked,Item_SummonJellyFish_Electric_Name,Ahmad’s Spirit Powder,아마드의 영혼 가루,"COMPANION, MAGITECH",,
Air Bolt,Skill_Icon_Airbolt,3000,artifact,0,active,Hidden,Skill_0007_Name,Air Bolt,에어 볼트,,스킬 에어 볼트 획득 / 주변의 공기를 작게 압축하여 빠르게 발사 / CD: 1s / MP: 2 / 0 + 물리 피해 100/110%,Acquire Skill Air Bolt / Compresses and rapidly fires the surrounding air / CD: 1s / MP: 2 / 0 + Physical Damage 100/110%
Alchemist's Flask,Alchemist'sFlask,1302,artifact,1,active,Locked,Item_AlchemyFlask_Name,Alchemist's Flask,연금술사의 플라스크,ALCHEMY,포션을 마시면 15초 동안 모든 피해 증폭 +5/10/15 증가 버프 획득,Drink a potion to gain a buff that increases Universal Damage Boost by +5/10/15 for 15 sec
Alfonso’s Horn,Alfonso’sHorn,1130,artifact,2,active,Default,Item_Alfonso_Name,Alfonso’s Horn,알폰소의 뿔,COMPANION,+1/2/3/4/5//6/8/10 회피 / +10/20/30/40/50//60/70/80% 동료가 입히는 피해량,+1/2/3/4/5//6/8/10 Evasion / +10/20/30/40/50//60/70/80% Companion Damage
Amber,Amber,1094,artifact,1,active,Default,Item_FirstAttackBonusDamage_Name,Amber,호박석,MYSTIC,피해를 입지 않은 적 공격 시 +10/20/40/80% 추가 피해,Deals +10/20/40/80% additional damage to enemies with full health
Amulet of Courage,BloodBrooch,1283,artifact,1,active,Default,Item_RedAmulet_Name,Amulet of Courage,용기의 아뮬렛,STURDY,+3/6/10% 무기 피해량 / +1/1/1 HP 흡수,+3/6/10% Weapon Damage / +1/1/1 Life Steal
Ancient Anvil,AncientAnvil,1229,artifact,1,active,Default,Item_FlameHeart_Name,Ancient Anvil,고대 모루,FLAMESWORD,태양검이 바닥에 10/20/30/40% 더 빨리 떨어짐 / +2/4/6/8 화염속성 피해,Solar Blade falls to the ground 10/20/30/40% faster / +2/4/6/8 Fire Damage
Angry Potato,AngryPotato,1300,artifact,2,active,Locked,Item_AngryPotato_Name,Angry Potato,화난 감자,ALCHEMY,+4/7/11/15% 방어 관통 / +1/2/3/4 행운 / +5/5/10/10% 이동 속도,+4/7/11/15% Ignore Defense / +1/2/3/4 Luck / +5/5/10/10% Move Speed
"Artificial Fairy, Iphiel",ArtificialSpiritIfiel,1078,artifact,2,active,Default,Item_IncreaseMpRegenOnGuard_Name,"Artificial Fairy, Iphiel",인공정령 이피엘,LAKE,가드 중 MP 재생을 +5/10/15/20/30/50 획득하지만 이동 속도가 90% 감소함,"While blocking, grants +5/10/15/20/30/50 MP Regeneration but reduces Move Speed by 90%"
Ashen Planet,PlanetaryModel_Gray,1242,artifact,0,active,Default,Item_Planet_Gray_Name,Ashen Planet,잿빛 행성,PLANET,얼음 탄환을 발사하는 잿빛행성 소환 / [피해량: +15/20/25/30/35/40],Summons a gray planet that shoots Ice projectiles / [Damage: +15/20/25/30/35/40]
Balisong,Balisong,1114,artifact,1,active,Default,Item_TooCloseDamage_Name,Balisong,발리송,PRECISION,2.5타일 이내 거리의 적에게 주는 피해량 +6/8/11/14%,Damage dealt to enemies within 2.5 tiles: +6/8/11/14%
Ball of Red Yarn,RedYarnBall,1128,artifact,2,active,Default,Item_FlameBall_Name,Ball of Red Yarn,붉은 실뭉치,EMBER,+20/40/60/80/100% 화상 피해량,+20/40/60/80/100% Burn Damage
Banner of Encouragement,FlagOfCheer,1140,artifact,2,active,Locked,Item_FlagOfCheer_Name,Banner of Encouragement,격려의 깃발,WINDSONG,"지정 위치에 깃발을 소환, 깃발 범위 내 아군은 공격 속도가 +10/20/30% 증가",Summon a flag at the designated location. Allies within the flag's range have their Attack Speed increased by +10/20/30%
Battle Bracelet of Lerid,Giant_s Bracelet,1279,artifact,2,active,Locked,Item_DashEvasion_Name,Battle Bracelet of Lerid,레리드의 전투 팔찌,SHADOW,0/1/1/2 대시 횟수 / +1/1/2/3 고정 피해 / +2/4/6/8% 이동 속도 / 대시 무적은 회피 성공 효과로 판정됨,0/1/1/2 Dash Count / +1/1/2/3 True Damage / +2/4/6/8% Move Speed / Dash invincibility is treated as a Evasion success effect
Battle Mage’s Gloves,BattleMageGlove,1169,artifact,2,active,Locked,Item_MagicDamageBySpeed_Name,Battle Mage’s Gloves,전투 마법사의 장갑,ACADEMY,+10/12/15/20% 마법서 피해량 / +3/4/5/6% 이동 속도,+10/12/15/20% Grimoire Damage / +3/4/5/6% Move Speed
Beast's Heart,TinBeast_sHeart,1276,artifact,3,active,Locked,Item_TinBeastHeart_Name,Beast's Heart,야수의 심장,GUARDIAN,+4/8/12/16/20 방어력 / +2/4/6/8/10% 모든 피해 증폭 / +2/2/4/4/6 행운,+4/8/12/16/20 Defense / +2/4/6/8/10% Universal Damage Boost / +2/2/4/4/6 Luck
Begonia Sachet,BegoniaSachet,1218,artifact,0,active,Default,Item_BegoniaSachet_Name,Begonia Sachet,베고니아 향 주머니,STURDY,+5/10% 일반 공격 피해,+5/10% Normal Attack Damage
Bicorn Pipe,BicornCirclet,1062,artifact,2,active,Locked,Item_BoltMagicMultiShot_Name,Bicorn Pipe,이각수 관,ACADEMY,볼트 마법을 세 갈래로 발사함. (각 마법의 피해량 +0.7/0.6/0.6/0.5/0.5//0.4/0.3% 감소) MP 소모량 0/25/50/75/100//125/150% 증가.,Fires Bolt Magic in three directions. (Each spell’s damage is reduced by +0.7/0.6/0.6/0.5/0.5//0.4/0.3%) MP cost increased by 0/25/50/75/100//125/150%.
Blessing,Skill_Icon_Bless,3031,artifact,0,active,Default,Skill_0033_Name,Blessing,축복,,스킬 축복 획득 / 모든 피해량을 5% 증가시키는 버프를 획득 / CD: 20s / MP: 16/13/10 / 지속시간: 12,Acquire Skill Blessing / Gain a buff that increases all damage dealt by 5% / CD: 20s / MP: 16/13/10 / Duration: 12
Blizzard Hammer,FrozenHammer,1208,artifact,1,active,Default,Item_IceHammer_Name,Blizzard Hammer,눈보라 망치,FROST,전투 중 7초마다 충전됨. 충전 이후 대시 시 아래 효과 발동 / 주변 적에게 망치를 날려 얼음속성 피해를 가함 / [피해량: 14 (14+얼음속성 피해+50/100/150/200/250//300/350/400/450/500%)],Recharges every 7 seconds during combat. Activates the following effect after dashing when charged. / Throw a hammer at nearby enemies to deal Cold Damage damage / [Damage: 14 (14+Cold Damage+50/100/150/200/250//300/350/400/450/500%)]
Blood of Obrus,BloodOfObrus,1171,artifact,1,active,Locked,Item_BloodofObrus_Name,Blood of Obrus,오브러스의 피,LAKE,+3/6/9/12 MP 흡수,+3/6/9/12 MP Steal
Blood Stone Ring,BloodstoneRing,1120,artifact,2,active,Default,Item_KillHeal_Name,Blood Stone Ring,혈석 반지,MYSTIC,+15/13/10회 처치 시 HP 5 회복,"Upon attaining +15/13/10 kills, recover 5 HP"
Bloodstone Earrings,BloodTear,1188,artifact,3,active,PocketDimensionShop,Item_HPSteal_Name,Bloodstone Earrings,혈석 귀걸이,,+8/8/8/8 HP 흡수 / -30/25/20/10 방어력,+8/8/8/8 Life Steal / -30/25/20/10 Defense
Blue Claw,BlueTalon,1145,artifact,3,active,Locked,Item_Freeze_Name,Blue Claw,푸른 발톱,GLACIER,+2/4/6/9 얼음속성 피해 / +5/10/15/20 최대 MP / 동상 부여 시 30/60% 확률로 1회 추가 부여,+2/4/6/9 Cold Damage / +5/10/15/20 Max MP / Frostbite has a 30/60% chance to be applied an additional time when granted.
Blue Planet,PlanetaryModels,1015,artifact,1,active,Default,Item_Planet_Blue_Name,Blue Planet,푸른 행성,PLANET,물리 탄환을 발사하는 푸른행성 소환 / [피해량: +10/14/18/22/26/30],Summons a blue planet that shoots Physical projectiles / [Damage: +10/14/18/22/26/30]
Blue Ring,BlueRing,1085,artifact,2,active,Locked,Item_IncreaseAllDamageByHP_Name,Blue Ring,푸른 고리,MYSTIC,현재 HP가 70% 이상이면 모든 피해 증폭 +6/8/10/15/18/20%,"If current HP is 70% or more, Universal Damage Boost +6/8/10/15/18/20%"
Blue Wrist Guard,BlueBohoBracelet,1221,artifact,3,active,PocketDimensionShop,Item_SpecialAttack_Name,Blue Wrist Guard,푸른 손목 보호대,STURDY,+7/14/21/28/35//42/50% 특수 공격 피해,+7/14/21/28/35//42/50% Special Attack Damage
Brass Mirror Fragment,BronzeMirrorShards2,1225,artifact,2,active,Default,Item_BrassMirrorShard_Name,Brass Mirror Fragment,황동 거울 파편,STURDY,+20/30/40/50% 특수 공격 소모 MP 감소,+20/30/40/50% Reduce MP Cost of Special Attack
Broken Mirror,BrokenMirror,1095,artifact,1,active,Locked,Item_BrokenMirror_Name,Broken Mirror,깨진 거울,GUARDIAN,+4/8 방어력 / 장소 이동 시 내구도 +5/12의 보호막 획득,+4/8 Defense / Gain Shield durability +5/12 when moving locations
Broken Root,BrokenTree,1004,artifact,2,active,Default,Item_BrokenTree_Name,Broken Root,부서진 나무뿌리,LAKE,최대 MP +5/60,Max MP +5/60
Broken Sapphire,ShatteredSapphire,1077,artifact,2,active,Default,Item_DecreaseFallingDamage_Name,Broken Sapphire,부서진 사파이어,SHADOW,+2/4/6 회피 / +2/4/6 방어력 / +16/14/12초마다 공격을 무조건 회피하는 장막 획득,+2/4/6 Evasion / +2/4/6 Defense / Gain a shroud that guarantees to Evasion every attack every +16/14/12 seconds
Bronze Mirror Fragment,BronzeMirrorShards,1056,artifact,2,active,Default,Item_PerfectBlockBuff_Name,Bronze Mirror Fragment,청동 거울 파편,STURDY,+20/30/40/50% 특수 공격 소모 MP 감소,+20/30/40/50% Reduce MP Cost of Special Attack
Bucket of Plump Berries,SpringingBucket,1273,artifact,2,active,Default,Item_MpHeal_Name,Bucket of Plump Berries,통통열매 양동이,LAKE,사용 시 MP +50/100%를 즉시 회복,Restore MP+50/100% immediately on use
Bunnyville Guard Helmet,RabbitGuardHelm,1157,artifact,2,active,Locked,Item_RabbitVillageGuardHelmet_Name,Bunnyville Guard Helmet,토끼마을 경비병 투구,STURDY,+4/8/12/16% 무기 피해량 / -4/4/8/8 회피,+4/8/12/16% Weapon Damage / -4/4/8/8 Evasion
Captivating Lure,TemptingLure,1162,artifact,1,active,Default,Item_CaptivatingLure_Name,Captivating Lure,매혹하는 루어,"LAKE, ELEMENTAL",+3/5/8 MP 재생 / +1/1/2 화염속성 피해 / +1/1/2 얼음속성 피해 / +1/1/2 번개속성 피해 / +1/1/2 물리 피해,+3/5/8 MP Regeneration / +1/1/2 Fire Damage / +1/1/2 Cold Damage / +1/1/2 Lightning Damage / +1/1/2 Physical Damage
Chalcedony Key,SapphireKey_0,1067,artifact,1,active,Default,Item_Lightning_Damage_Name,Chalcedony Key,캘세더니 열쇠,,"위치한 가로줄에 따라 견고, 잉걸불, 빙하, 마법공학 중 하나의 콤보가 부여됨 / 부여된 콤보와 관련된 속성 피해 +2/4/6/8","Gain a combo of either Sturdy, Ember, Glacier, or Magitech depending on the row you are in / Deals +2/4/6/8 elemental damage based on the granted combo."
Charm of Aspiration,AmuletOfAspiration,1083,artifact,0,active,Default,Item_IncreaseCriticalChance_NormalAttack_Name,Charm of Aspiration,열망의 부적,PRECISION,무기 공격의 치명타 확률 +3/6/10/14/20% 증가,Weapon Attack Critical Chance increases by +3/6/10/14/20%
Charm of Intelligence,CharmOfIntelligence,1002,artifact,0,active,Default,Item_CharmOfIntelligence_Name,Charm of Intelligence,명석함의 부적,GLACIER,+3/4/6/8 얼음속성 피해,+3/4/6/8 Cold Damage
Charm of Lightning,CharmOfLightning,1272,artifact,0,active,Default,Item_CharmOfLightning_Name,Charm of Lightning,전격의 부적,MAGITECH,+3/4/6/8 번개속성 피해,+3/4/6/8 Lightning Damage
Charm of Skill,CharmOfDexterity,1001,artifact,0,active,Default,Item_CharmOfDexterity_Name,Charm of Skill,재주의 부적,SHADOW,+3/6 회피,+3/6 Evasion
Charm of Strength,CharmOfStrength,1000,artifact,0,active,Default,Item_CharmOfStrength_Name,Charm of Strength,힘의 부적,STURDY,+2/3/4/6 물리 피해,+2/3/4/6 Physical Damage
Cintamani Stone,Cintamani,1146,artifact,3,active,Locked,Item_Chintamani_Name,Cintamani Stone,친타마니 돌,MYSTIC,죽음에 이르는 피해를 받으면 아이템이 파괴되며 다음 효과가 발동됨 / HP 50% 회복 후 잠깐 동안 무적 / 부서진 곳의 인벤토리 칸 레벨 +3,"When receiving fatal damage, this item is destroyed and the following effects are activated / Recover 50% HP and become momentarily invincible / Inventory slot level: +3"
Clear Cube,ClearCube,1189,artifact,2,active,Default,Item_TrueDamage_Name,Clear Cube,무색 큐브,WINDSONG,+1/1/2/2/3 고정 피해 / +5/6/7/9/12% 이동 속도 / +5/6/7/9/12% 공격 속도,+1/1/2/2/3 True Damage / +5/6/7/9/12% Move Speed / +5/6/7/9/12% Attack Speed
Cloak of Verdant Spirit,SnowwhiteCape_Wind,1252,artifact,1,active,Default,Item_EvDash_Name,Cloak of Verdant Spirit,환록의 망토,SHADOW,0/1/1 대시 횟수 / +4/6/8 회피 / +1/2/4% 치명타 확률,0/1/1 Dash Count / +4/6/8 Evasion / +1/2/4% Critical Chance
Cloth Armor,ClothArmor,1215,artifact,0,active,Default,Item_ClothArmor_Name,Cloth Armor,천 갑옷,GUARDIAN,+3/6/9/12 방어력,+3/6/9/12 Defense
Cloud Bottle,LightningBottle,1035,artifact,1,active,Default,Item_LightningPouch_Name,Cloud Bottle,구름 병,DARKCLOUD,+5/10/15/20/25/30% 먹구름의 소모 속도 / 대시 공격 성공 시 먹구름 +1/2/3/5/7/10 획득 (재사용 대기시간 +3.5초),+5/10/15/20/25/30% Consumption Speed of Storm Cloud / A successful Dash attack grants +1/2/3/5/7/10 Storm Cloud (Cooldown: +3.5 seconds)
Cloud Seed Arrowhead,CloudSeedArrowheads,1129,artifact,1,active,Default,Item_BasicLightning_Name,Cloud Seed Arrowhead,구름씨 화살촉,DARKCLOUD,먹구름의 벼락이 5/10/15/23/35/50% 확률로 강화되어 발사됨,5/10/15/23/35/50% chance for enhanced Storm Cloud lightning bolts
Cold Lock,MysteryLock,1027,artifact,1,active,Default,Item_ColdLock_Name,Cold Lock,차가운 자물쇠,,+8/12/16/20/25% 모든 피해 증폭,+8/12/16/20/25% Universal Damage Boost
Companion Token 'Aiba',DuckSymbol,5004,artifact,2,active,Hidden,Item_ScenarioCompanion_Chapter4_Fox_Aiba_Name,Companion Token 'Aiba',동행 증표 '아이바',,,
Companion Token 'Isaac',DuckSymbol,5001,artifact,2,active,Hidden,Item_ScenarioCompanion_Chapter4_Fox_Isaac_Name,Companion Token 'Isaac',동행 증표 '아이작',,,
Companion Token 'Kenny',DuckSymbol,5005,artifact,2,active,Hidden,Item_ScenarioCompanion_Chapter4_Fox_Kenney_Name,Companion Token 'Kenny',동행 증표 '케니',,,
Companion Token 'Khakha',DuckSymbol,5002,artifact,2,active,Hidden,Item_ScenarioCompanion_Chapter4_Fox_Kaka_Name,Companion Token 'Khakha',동행 증표 '카카',,,
Companion Token 'Maru',DuckSymbol,5003,artifact,2,active,Hidden,Item_ScenarioCompanion_Chapter4_Fox_Maru_Name,Companion Token 'Maru',동행 증표 '마루',,,
Companion Token 'Pillix',DuckSymbol,5006,artifact,2,active,Hidden,Item_ScenarioCompanion_Chapter4_Fox_Pillix_Name,Companion Token 'Pillix',동행 증표 '필릭스',,,
Companion Token 'Rolf',DuckSymbol,5007,artifact,2,active,Hidden,Item_ScenarioCompanion_Chapter4_Fox_Rolf_Name,Companion Token 'Rolf',동행 증표 '롤프',,,
Companion Token 'Thunder',DuckSymbol,5008,artifact,2,active,Hidden,Item_ScenarioCompanion_Chapter4_Fox_Thunder_Name,Companion Token 'Thunder',동행 증표 '썬더',,,
Compression Bandage,CompressionBandages,1082,artifact,0,active,Default,Item_IncreaseDashRecoverySpeed_UseMana_Name,Compression Bandage,압박 밴드,WINDSONG,+10/15/30/50/80% 대시 회복 속도,+10/15/30/50/80% Dash Recovery Speed
Counterattack Bracelet,PerfectGuardBrace,1287,artifact,1,active,Default,Item_PerfectGuardStaff_Name,Counterattack Bracelet,반격의 팔찌,STURDY,"퍼펙트 가드 시, 7초간 모든 피해 증폭 +4/8/12/16% 증가","On Perfect guard, increase Universal Damage Boost by +4/8/12/16% for 7s"
Crabapple Fruit,CrabappleFruit,1161,artifact,1,active,Locked,Item_CrabappleFruit_Name,Crabapple Fruit,아그배나무 열매,ACADEMY,+6/10/14 마법서 가속 / +5/8/12% 대시 회복 속도,+6/10/14 Grimoire Haste / +5/8/12% Dash Recovery Speed
Crimson Sunset,SnowwhiteCape_Fire,1230,artifact,2,active,Default,Item_FlameSwordDamage_Name,Crimson Sunset,물드는 노을 망토,FLAMESWORD,태양검 투척 시 20/40/60/80/100% 확률로 크기가 커지고 피해량이 33% 증가,Solar Blade has a 20/40/60/80/100% chance to grow in size and increase damage by 33% when thrown
Crossbow Quiver,BoltCase,1223,artifact,1,active,Default,Item_CrossbowReload_Name,Crossbow Quiver,석궁 화살통,STURDY,+20/40/65/100 석궁 재장전 속도,+20/40/65/100 Crossbow Reload Speed
Crown of Humility,CrownOfHumility(1),1080,artifact,3,active,Default,Item_IncreaseLastAttackDamage_SwordAndShield_Name,Crown of Humility,겸손의 왕관,STURDY,일반 공격 마지막 연격의 피해량 +10/22/40/60/84% 증가,The last hit of the combo deals +10/22/40/60/84% increased damage
Crystal of Harmony,CrystalOfHarmony,1270,artifact,3,active,Default,Item_NearLevelDamage_Name,Crystal of Harmony,조화의 수정,MYSTIC,근처 8칸 아티팩트 레벨 1당 모든 피해 증폭 +1/2% 증가,Increase Universal Damage Boost by +1/2% per Artifact Level within 8 slots
Cursed Letter,ActivateChaotic,1310,artifact,1,active,WitchHat,Item_MiniThorns_Name,Cursed Letter,저주받은 편지,,+50/100/200% 가시 / -6/5/4% 공격 속도,+50/100/200% Thorns / -6/5/4% Attack Speed
Dark Planet,PlanetaryModels_Black,1241,artifact,3,active,Default,Item_Planet_Black_Name,Dark Planet,암흑 행성,PLANET,혼돈 탄환을 발사하는 암흑 행성 소환 / [피해량: +50/60/70/80/90/100],Summon a dark planet that fires Chaos bullets / [Damage: +50/60/70/80/90/100]
Devotion Insignia,ChaosPuritySeal,1264,artifact,1,active,Locked,Item_CompanionChaos_Name,Devotion Insignia,헌신의 휘장,COMPANION,+6/12/18/24 동료들의 방어력 / 인벤토리 내 동일 가로줄에 배치된 동료가 혼돈 피해를 가함,+6/12/18/24 Companion Defense / Companion placed in the same Row of the Inventory deal Chaos damage
Diamond Badge,Key_Dia,1299,artifact,1,active,WitchHat,Item_KeyGlacier_Name,Diamond Badge,다이아몬드 배지,,+2/4/6/8/10% 무기 피해량 / +2/3/4/5/6 얼음속성 피해,+2/4/6/8/10% Weapon Damage / +2/3/4/5/6 Cold Damage
Discarded Golden Ring,AbandonedGoldRing,1111,artifact,1,active,Default,Item_SweepRange_Name,Discarded Golden Ring,버려진 금반지,STURDY,특수 공격 범위 +10/20/30% / 특수 공격으로 적을 40명 처치 시 절대반지로 변함,Special Attack Range +10/20/30% / Defeat 40 enemies with Special Attack to transform into Absolute Ring
Dragoncense,Ambergris,1100,artifact,1,active,Default,Item_FireDamage_Name,Dragoncense,용연향,EMBER,+2/4/6/8/10 화염속성 피해,+2/4/6/8/10 Fire Damage
Dried Flower,ManaDryFlower,1023,artifact,0,active,Default,Item_Dryflower_Name,Dried Flower,말라버린 꽃,LAKE,+2/4/6% 치명타 확률 / +2/4/6 최대 MP,+2/4/6% Critical Chance / +2/4/6 Max MP
Droplet of Plitvice,PlitviceWaterDrop,1248,artifact,2,active,Locked,Item_FrostMP_Name,Droplet of Plitvice,플리트비체의 물방울,"FROST, LAKE","얼음 무구 발동 시, MP를 4 소모하여 회전하는 얼음검 소환 (최대 5개) / [피해량: 기본 공격력 x 추가 MP의 50% 만큼 피해 (현재: 1.2)] / 기본 공격력: 얼음속성 피해의 6%","When Frost Relic is activated, consume 4 MP to summon rotating ice swords (up to 5). / [Damage: Basic attack damage x 50% of Additional MP (Current: 1.2)] / Basic attack damage: 6% of Cold Damage"
Dull Bell,BluntBellKnife,1021,artifact,2,active,Locked,Item_BluntBellKnife_Name,Dull Bell,무뎌진 방울,CURSE,무기 공격 시 1/4% 확률로 기절 부여,"On Weapon Attack, has a 1/4% chance to inflict Stun"
Ebony Scale,BlackScales,1091,artifact,3,active,Locked,Item_CriticalChanceIncreaseWithTablets_Name,Ebony Scale,검은 비늘,PRECISION,인벤토리 내 석판 개수만큼 치명타 확률 +100/150/200/250/350% 증가 / 현재 석판 개수 : 0개,Increases Critical Chance by +100/150/200/250/350% for every tablet in your inventory / Current number of tablets: 0
Echo of the Glacier,EchoOfTheGlacier,1178,artifact,1,active,Default,Item_EchoOfTheGlacier_Name,Echo of the Glacier,빙하의 메아리,GLACIER,+3/6/10 방어력 / +5/4/3/2.5초마다 주변 적에게 동상 부여,+3/6/10 Defense / Inflict Frostbite on nearby enemies every +5/4/3/2.5 seconds
Elastic Band,ElasticBand,1285,artifact,1,active,Locked,Item_EvasionRestore_Name,Elastic Band,탄성 밴드,SHADOW,+2/4/6/8% 치명타 피해 / +1/2/3/4 회피 / 회피 발동 시 대시 횟수 +1/1/2 회복,+2/4/6/8% Critical Damage / +1/2/3/4 Evasion / Recover Dash Count by +1/1/2 when Evasion activates
Electro Chakram,LightningCharkram,1013,artifact,1,active,Default,Item_Chakram_Name,Electro Chakram,전격 차크람,MAGITECH,주기적으로 주변을 공격하는 차크람 +1/2/2/3/3//4/4개 발사 / [피해량: +50/50/80/80/110 (번개속성 피해+50/50/80/80/110%)] / 차크람 적중 시 +10/10/10/10/30% 확률로 감전 부여,"Launch +1/2/2/3/3//4/4 chakrams that periodically attack nearby enemies / [Damage: +50/50/80/80/110 (Lightning Damage+50/50/80/80/110%)] / On Chakram hit, inflict Electrocution with a +10/10/10/10/30% chance."
Empty Hilt,EmptySwordHilt,1075,artifact,3,active,Locked,Item_GoldIsDamage_Name,Empty Hilt,비어 있는 검 손잡이,ACADEMY,+5/10/15/20/25/30% 마법서 피해량 / +7/9/11/13/15/20% 최종 MP / +2/2/2/4/4/6 MP 재생,+5/10/15/20/25/30% Grimoire Damage / +7/9/11/13/15/20% Final MP / +2/2/2/4/4/6 MP Regeneration
Endoditte’s Paperweight,Endodit'sPaperweight,1031,artifact,0,active,Default,Item_MovingCast_Name,Endoditte’s Paperweight,엔도디트의 문진,LAKE,+3/6/9 MP 재생 / +3/6/9 최대 MP,+3/6/9 MP Regeneration / +3/6/9 Max MP
Enhancement Potion Cap,EnhancedPotionCork,1158,artifact,0,active,Locked,Item_EnhancementPotionCap_Name,Enhancement Potion Cap,강화 포션 뚜껑,ALCHEMY,현재 HP가 30% 이하일 때 HP 포션 효과가 +30% 증가,"If HP is at or below 30%, HP Potion Bonus increases by +30%"
Eternal Eclipse,SolarLunar0,1259,artifact,2,active,Locked,Item_FireIceWeapon_Name,Eternal Eclipse,영원의 식,"FLAMESWORD, FROST","+6/13/21/30% 얼음 무구의 피해량 / +6/13/21/30% 태양검 피해량 / 얼음 무구의 공격으로도 태양검이 발동됨 / 아이템이 인벤토리 왼편에 있다면 얼음 무구 아티팩트가 화염속성 피해 기반으로 변경되고, 오른편에 있다면 태양검 아티팩트가 얼음속성 피해 기반으로 변경됨","+6/13/21/30% Frost Relic damage / +6/13/21/30% Solar Blade Damage / Solar Blade activates even with Frost Relic attack / If the item is on the left side of the inventory, the Frost Relic artifact is converted to be based on Fire Damage, and if on the right side, the Solar Blade artifact is converted to be based on Cold Damage"
Eternal Furnace,SunFurnace,1231,artifact,0,active,Default,Item_FlameSwordAuto_Name,Eternal Furnace,영원의 화로,FLAMESWORD,+1/2.5/5% 치명타 확률 / +10/8/5 초마다 태양검 1개 생성 (태양검 효과 활성화 시에만),+1/2.5/5% Critical Chance / Create 1 Solar Blade every +10/8/5 seconds (only when Solar Blade effect is active)
Eternal Winter,SwordInIce,1268,artifact,2,active,Locked,Item_FreezeNormal_Name,Eternal Winter,영원한 겨울,"GLACIER, STURDY","일반 공격 적중 시, +80/120/180% 확률로 추가 피해를 가함. / [피해량 : 물리 피해 +40/75/125% + 얼음속성 피해 +80/150/250% (일반 공격 피해로 간주됨)]","When Normal Attack hits, deal additional damage with a +80/120/180% chance. / [Damage: Physical Damage +40/75/125% + Cold Damage +80/150/250% (considered as Normal Attack damage)]"
Faultfinder Needle,FaultfinderNeedle,1274,artifact,2,active,Locked,Item_FaultfinderNeedle_Name,Faultfinder Needle,결함 탐침봉,PRECISION,+3/6/9/12/15//18/21% 치명타 확률,+3/6/9/12/15//18/21% Critical Chance
Feet of the Ice Gull,FrozenMemory,1180,artifact,2,active,Default,Item_FrozenMemory_Name,Feet of the Ice Gull,얼음갈매기의 발,GLACIER,대상에게 동상을 입힐 때마다 얼음 손길 버프를 획득 / 얼음 손길 : 7초 동안 얼음속성 피해 1 증가 (최대 +5/10/15/20 중첩),Gain the Frozen Touch buff whenever inflicting Frostbite on a target / Frozen Touch: Increases Cold Damage by 1 for 7 seconds (up to +5/10/15/20 stacks)
Fire Arrow,Skill_Icon_FireArrow,3012,artifact,1,active,Locked,Skill_0020_Name,Fire Arrow,파이어 애로우,EMBER,스킬 파이어 애로우 획득 / 적을 관통하는 화살을 발사 / CD: 9s / MP: 15/17/19 / 피해량: 18/20/22 + 화염속성 피해 120/240/360% / 화상 중첩: 2,Acquire Skill Fire Arrow / Fires an arrow that pierces enemies / CD: 9s / MP: 15/17/19 / Damage: 18/20/22 + Fire Damage 120/240/360% / Burn stacks: 2
Fire Bolt,Skill_Icon_Firebolt,3002,artifact,0,active,Locked,Skill_0006_Name,Fire Bolt,파이어 볼트,EMBER,스킬 파이어 볼트 획득 / 작은 화염 투사체를 생성하여 던짐 / CD: 1s / MP: 2 / 피해량: 25/28 + 화염속성 피해 50/80%,Acquire Skill Fire Bolt / Hurls a small flame projectile / CD: 1s / MP: 2 / Damage: 25/28 + Fire Damage 50/80%
Fire Circus,Skill_Icon_FireCircus,3035,artifact,0,active,Hidden,Skill_0002_Name,Fire Circus,불 서커스,,스킬 불 서커스 획득 / 목표 지점으로 날아가는 8개의 화염 구체 소환 / CD: 1s / MP: 16/18/19/20 / 피해량: 0 + 화염속성 피해 100/120/140/160% / 보너스: +0%,Acquire Skill Fire Circus / Summon 8 fire orbs that fly to the target location. / CD: 1s / MP: 16/18/19/20 / Damage: 0 + Fire Damage 100/120/140/160% / Bonus: +0%
Fire Circus [3013],Skill_Icon_FireCircus,3013,artifact,2,active,Locked,Skill_0002_Name,Fire Circus,불 서커스,EMBER,스킬 불 서커스 획득 / 목표 지점으로 날아가는 8개의 화염 구체 소환 / CD: 10s / MP: 16/18/19/20 / 피해량: 18 + 화염속성 피해 55/75/100/130% / 보너스: +10/16/22/30%,Acquire Skill Fire Circus / Summon 8 fire orbs that fly to the target location. / CD: 10s / MP: 16/18/19/20 / Damage: 18 + Fire Damage 55/75/100/130% / Bonus: +10/16/22/30%
Firefly,LightningBug,1159,artifact,1,active,Locked,Item_FireFly_Name,Firefly,반딧불이,MAGITECH,번개속성 피해 +4/8/12 / (피격 시 6초간 비활성화),+4/8/12 Lightning Damage (Deactivated for 6 seconds upon hit)
Flame Bug,FireBug,1211,artifact,2,active,Locked,Item_BurnStack_Name,Flame Bug,화염충,EMBER,0/1/1/2/3/4 화상 중첩,0/1/1/2/3/4 Burn stacks
Flame Herb Root,FlameRoot,1153,artifact,2,active,Default,Item_FlamePlantRoot_Name,Flame Herb Root,화염초 뿌리,EMBER,+6/12/20 최대 MP / 특수 공격: 퓨리 적중 시 주변에 화염 속성의 +200/400/600% 피해를 입힘,"+6/12/20 Max MP / On Special Attack: Fury hit, deal +200/400/600% Fire damage to nearby enemies"
Flaming Eye Patch,FlameBlindfold,1185,artifact,1,active,Default,Item_Burn_Name,Flaming Eye Patch,화염 가리개,EMBER,+2/4/6% 공격 속도 / 화염 속성 피해의 치명타 피해 +11/22/33% (동료 피해에도 적용),+2/4/6% Attack Speed / Fire element damage Critical Damage +11/22/33% (applies to Companion damage)
Fluffy Fur Gloves,WarmGlove,1177,artifact,2,active,Default,Item_WarmGlove_Name,Fluffy Fur Gloves,푹신한 털장갑,GLACIER,동상에 걸린 대상은 얼음속성 피해에 +5/10/15/20/25% 더 피해를 입음 (동료 피해에도 적용),Targets afflicted by Frostbite take an additional +5/10/15/20/25% damage from Cold Damage (also applies to Companion damage)
Flux Coupler Mk.2,LightningGenerator,1263,artifact,2,active,Locked,Item_CompanionCloud_Name,Flux Coupler Mk.2,플럭스 결합기 Mk.2,"DARKCLOUD, COMPANION",+3/6/9/12% 동료가 입히는 피해량 / 동료가 번개 피해를 입힐 때 먹구름 +1/1/1/1회 발동 (동료별 재사용 대기시간 0.1초),+3/6/9/12% Companion Damage / Activates Storm Cloud +1/1/1/1 times when a companion deals Lightning damage (Cooldown per companion: 0.1 sec)
Fretted Clay Tablet,KeyPatternClayTablets,1104,artifact,3,active,Default,Item_DarkCloud_Critical_Name,Fretted Clay Tablet,뇌문 점토판,DARKCLOUD,먹구름이 10/20/30/40/50% 확률로 소모되지 않음,Storm Cloud is not consumed with a 10/20/30/40/50% chance
Frost Dagger,Skill_Icon_FrostDaggert,3020,artifact,1,active,Locked,Skill_0025_Name,Frost Dagger,서리 단검,GLACIER,스킬 서리 단검 획득 / 가까운 적을 향해 날아가 폭발하는 단검을 4개 소환 / CD: 10s / MP: 10/11/12/13/14 / 피해량: 25 + 얼음속성 피해 90/135/180/220/260%,Acquire Skill Frost Dagger / Summon 4 daggers that fly towards nearby enemies and explode / CD: 10s / MP: 10/11/12/13/14 / Damage: 25 + Cold Damage 90/135/180/220/260%
Frostium Ring,FrostiumRing,1175,artifact,0,active,Default,Item_FrostiumRing_Name,Frostium Ring,프로슘 반지,GLACIER,무기 공격이나 마법서로 피해를 주면 대상에게 +10/20/30 얼음속성 피해를 가함 (재사용 대기시간 2초),"When dealing damage with Weapon Attack or Grimoire, inflict +10/20/30 Cold Damage on target (Cooldown 2 sec)"
Frozen Bow,IceBow,1247,artifact,3,active,Default,Item_IceBow_Name,Frozen Bow,얼어붙은 활,FROST,0.8초마다 1발씩 자동 충전 (최대 7) / 적에게 화살을 발사해 얼음속성 피해를 가함 / [피해량: 12 (12+얼음속성 피해+50/60/70/80/100//120/130/140/150/160%)],Automatically reloads 1 shot every 0.8 seconds (up to 7) / Fire an arrow at the enemy dealing Cold Damage / [Damage: 12 (12+Cold Damage+50/60/70/80/100//120/130/140/150/160%)]
Frozen Egg,IceEgg,1150,artifact,2,active,Locked,Item_FrozenEgg_Name,Frozen Egg,얼어버린 알,GLACIER,-9/6/3/0 MP 재생 / 얼음 속성 공격의 치명타 확률 +5/10/15/20% 증가 (동료 피해에도 적용),-9/6/3/0 MP Regeneration / Increases the Critical Chance of ice attacks by +5/10/15/20% (also applies to Companion damage)
Frozen Heart,FrozenHeart,1209,artifact,2,active,Default,Item_FastFrostRelic_Name,Frozen Heart,얼어붙은 심장,FROST,+10/18/26/40/55//70/85/100% 얼음 무구 충전 속도,+10/18/26/40/55//70/85/100% Frost Relic Charge Speed
Garnet Badge,Key_Garnet,1297,artifact,1,active,WitchHat,Item_KeyEmber_Name,Garnet Badge,가넷 배지,,+2/4/6/8/10% 무기 피해량 / +2/3/4/5/6 화염속성 피해,+2/4/6/8/10% Weapon Damage / +2/3/4/5/6 Fire Damage
Giant Telescope,AstronomicalTelescope,1108,artifact,2,active,Default,Item_PlanetModule_Name,Giant Telescope,거대 망원경,PLANET,+5/10/15% 행성 공격 속도 / 주변 8칸에 위치한 행성을 거대화 (거대화된 행성은 투사체가 커지고 피해량이 50% 증가),+5/10/15% Planet Attack Speed / Enlarge planets located within 8 slots (Enlarged planets have larger projectiles and deal 50% increased damage)
Glass Hammer,GlassHammar,1156,artifact,1,active,Locked,Item_GlassHammer_Name,Glass Hammer,유리 망치,STURDY,+3/6/9/12% 무기 피해량 / -3/6/9/12% 최종 HP,+3/6/9/12% Weapon Damage / -3/6/9/12% Final HP
Glowing Hourglass,ShineHourglass,1168,artifact,2,active,Locked,Item_RightSpellCooldownHelper_Name,Glowing Hourglass,빛나는 모래시계,ACADEMY,오른쪽 칸의 마법서 마법서 가속 +60/100/140% 증가,Increases the Grimoire Haste of the Grimoire in the right slot by +60/100/140%
Golden Cloak,GoldenCape,1149,artifact,1,active,Default,Item_GoldenCloak_Name,Golden Cloak,금빛 망토,WINDSONG,+1/1/2 대시 횟수 / +3/6/9% 공격 속도,+1/1/2 Dash Count / +3/6/9% Attack Speed
Golden Crown of Arrogance,CrownOfPride,1025,artifact,2,active,Default,Item_RustyCrown_Name,Golden Crown of Arrogance,교만의 금관,PRECISION,일반 공격 마지막 연격의 치명타 확률 +15/30/50/75/100%,The last hit of the combo gains Critical Chance +15/30/50/75/100%
Golden Handbell,GoldHandBell,1029,artifact,1,active,Default,Item_GoldenHandbell_Name,Golden Handbell,금빛 핸드벨,COMPANION,,
Golden Maple Leaf,GoldenMapleLeaf,1126,artifact,0,active,Default,Item_EXPGain_Name,Golden Maple Leaf,황금 단풍잎,SAVVY,+10/15/20/25/30% 경험치 드롭,+10/15/20/25/30% Experience Drop
Golden Needle of the North,UpperSlotUpgradeArtifact,1289,artifact,2,active,Locked,Item_UpCharmDamage_Name,Golden Needle of the North,북향의 금빛 침,,윗 칸 아티팩트의 피해량 +6/8/10% / 등급이 고급 이하라면 추가 피해량 +15/20/25% / 직접 피해를 주는 아티팩트에만 적용,"Damage of the Artifact in the above slot +6/8/10% / If Rarity is Advanced or below, bonus damage +15/20/25% / Applies only to Artifact that deal direct damage"
Great Blessing,Skill_Icon_HighBless,3032,artifact,1,active,Locked,Skill_0034_Name,Great Blessing,대축복,MYSTIC,스킬 대축복 획득 / 모든 피해량을 12% 증가시키는 버프를 획득 / CD: 20s / MP: 19/15/12 / 지속시간: 12,Acquire Skill Great Blessing / Gain a buff that increases all damage dealt by 12% / CD: 20s / MP: 19/15/12 / Duration: 12
Green Gi,GreenGi,1160,artifact,2,active,Locked,Item_GreenGi_Name,Green Gi,녹색 도복,SHADOW,+2/3/4/5 회피 / +5/7/9/12% 이동 속도 / 회피 성공 시 전방으로 '호격권' 시전 / [피해량: 30 (30 + 물리 피해 +200/300/450/650%)],"+2/3/4/5 Evasion / +5/7/9/12% Move Speed / Upon a successful Evasion, casts Tiger Strike forward / [Damage: 30 (30 + Physical Damage +200/300/450/650%)]"
Green Ink Bottle,BlueInkBottle - Copy,1132,artifact,1,active,Default,Item_AttackChim_Name,Green Ink Bottle,초록 잉크병,CURSE,디버프를 가할 때 +20/30/40/50% 확률로 가까운 적에게 추가 부여 (재사용 대기시간 0.4초),"When you inflict a debuff, there is a +20/30/40/50% chance to also inflict it on a nearby enemy (Cooldown: 0.4 sec)"
Green Sawblade,GreenGear,1088,artifact,0,active,Default,Item_GainCriticalBuffOnMPLoss_Name,Green Sawblade,초록색 톱니,PRECISION,"전투 중 MP 소모 15당 치명타 확률 버프 3% 획득 (20초간, 3스택까지 중복 가능)","Each time you use MP 15 in combat, receive a 3% Critical Chance buff (stacks up to 3 times and lasts 20 seconds)"
Guillotine of Bitter Cold,FrozenGuillotine,1303,artifact,2,active,Locked,Item_Guillotine_Name,Guillotine of Bitter Cold,혹한의 길로틴,"FROST, MAGITECH","6초마다 주변 적 최대 4명에게 얼음+번개 속성 칼날을 소환. 적에게 감전 피해를 입히면 대기시간 1초 감소 / 피해량 : (번개속성 피해, 얼음속성 피해 중 높은 피해 + 낮은 피해의 30%) × +150/200/250%","Every 6s, summons Ice+Lightning blades on up to 4 nearby enemies. Dealing Electrocution damage reduces the cooldown by 1s / Damage : +150/200/250% of (the higher of Lightning Damage and Cold Damage + 30% of the lower)"
Hand Mirror,HandMirror,1234,artifact,2,active,Locked,Item_HandMirror_Name,Hand Mirror,손 거울,GUARDIAN,+3/6/9 방어력 / 대시 시 5초 지속되는 보호막 5/10 획득 (재사용 대기시간 5초),+3/6/9 Defense / Gain Shield 5/10 for 5s when using Dash (Cooldown: 5s)
Haste,Skill_Icon_Haste,3019,artifact,1,active,Locked,Skill_0024_Name,Haste,헤이스트,WINDSONG,스킬 헤이스트 획득 / 공격 속도와 이동 속도를 15% 증가시키는 버프를 획득 / CD: 38s / MP: 36/24/12 / 지속시간: 24,Acquire Skill Haste / Gain a buff that increases ATKSPD and Move Speed by 15% / CD: 38s / MP: 36/24/12 / Duration: 24
Heart-Shaped Carrot,HeartCarrot,1005,artifact,2,active,Default,Item_HeartShapedCarrot_Name,Heart-Shaped Carrot,하트 모양 당근,LAKE,최대 HP +5/10/15/20/30 / 최대 MP +5/10/15/20/30,Max HP +5/10/15/20/30 / Max MP +5/10/15/20/30
Heavy Heart,ABurden,1304,artifact,0,active,Hidden,Item_MindBurden_Name,Heavy Heart,마음의 짐,,,
Heita’s Spirit Powder,JellyFishDust0,1198,artifact,1,active,Locked,Item_SummonJellyFish_Name,Heita’s Spirit Powder,헤이타의 영혼 가루,"COMPANION, GLACIER",,
Helena’s Model Stairway,HelenasStairwayModel,1125,artifact,1,active,Default,Item_Speed_Name,Helena’s Model Stairway,헬레나의 계단 모형,WINDSONG,"장소 이동 시 90초간 이동 속도+10/14/18/22/26/30%, 공격 속도+10/14/16/20/25/30% 증가 버프 획득","When entering another place, gain a buff that increases Move Speed by +10/14/18/22/26/30% and Attack Speed by +10/14/16/20/25/30% for 90 seconds"
Hiring Crest “Collin”,RedDogSymbol,1197,artifact,2,active,Default,Item_WeaselKnight_Name,Hiring Crest “Collin”,고용 문장 '콜린',COMPANION,,
Ice Bolt,Skill_Icon_Icebolt,3027,artifact,0,active,Locked,Skill_0029_Name,Ice Bolt,아이스 볼트,GLACIER,스킬 아이스 볼트 획득 / 주변의 수분을 결정화한 투사체를 2회 발사 / CD: 1s / MP: 2 / 피해량: 14/16 + 얼음속성 피해 20/30%,Acquire Skill Ice Bolt / Fires 2 crystallized water projectiles / CD: 1s / MP: 2 / Damage: 14/16 + Cold Damage 20/30%
Ice Bug,IceBug,1212,artifact,2,active,Locked,Item_FrostbiteStack_Name,Ice Bug,빙결충,GLACIER,10/15/20/25/30//40/50% 빙결 디버프 피해량,10/15/20/25/30//40/50% Freeze Debuff Damage
Ice Star,IceStar,1210,artifact,1,active,Default,Item_FrostRelicStack_Name,Ice Star,아이스 스타,FROST,얼음 무구가 0/0/0/0/0/1회 추가 발동 / 0/0/0/0/0/-10% 얼음 무구의 피해량 / 0/0/1/1/2/2 행운,Additional activation of Frost Relic 0/0/0/0/0/1 times / 0/0/0/0/0/-10% Frost Relic damage / 0/0/1/1/2/2 Luck
Ice Vine,IceThornFlower2,1139,artifact,2,active,Locked,Item_IcicleVine_Name,Ice Vine,빙설덩굴,GLACIER,특수 공격 사용 시 전방으로 1줄기 얼음 가시 생성 (피해량: 10 + 얼음속성 피해 +50/90/140%) / 가시가 적에게 적중 시 동상 부여 / 재사용 대기시간 0.8초,"When using Special Attack, creates 1 line of ice thorns forward (Damage: 10 + +50/90/140% Cold Damage) / When thorns hit an enemy, inflict Frostbite / Cooldown: 0.8 seconds"
Ice Wings,IceWing,1179,artifact,3,active,PocketDimensionShop,Item_IceWings_Name,Ice Wings,얼음 날개,FROST,얼음 무구가 0/0/0/1/1//1/2회 추가 발동 / 0/0/0/-10/10//10/20% 얼음 무구의 피해량 / +2/4/6/8/10//12/20% 치명타 피해,Additional activation of Frost Relic 0/0/0/1/1//1/2 times / 0/0/0/-10/10//10/20% Frost Relic damage / +2/4/6/8/10//12/20% Critical Damage
Icebound Tejas,FrozenFlame,1243,artifact,2,active,Locked,Item_ IceboundTejas_Name,Icebound Tejas,봉인된 테자스,"EMBER, GLACIER",화상이 푸른 화상으로 변경 / +3/6/9/12/15% 화상 피해량,Burn changes to Blue Burn / +3/6/9/12/15% Burn Damage
Impact Amplifier,SuperVibrationClock,1267,artifact,3,active,Locked,Item_Fixer_Name,Impact Amplifier,충격 증폭기,MYSTIC,+1/1/1/2/2//3/4/4/5/6//7/8/9/12/14 고정 피해,+1/1/1/2/2//3/4/4/5/6//7/8/9/12/14 True Damage
Jeweled Armor,JewelArmor,1166,artifact,2,active,Locked,Item_MagicCritical_Name,Jeweled Armor,보석 갑옷,ACADEMY,+10/20/30% 마법서의 치명타 확률 / +4/6/8 MP 재생 / -3/5/7 물리 피해,+10/20/30% Grimoire Critical Chance / +4/6/8 MP Regeneration / -3/5/7 Physical Damage
Jolow's Watering Can,WateringCan,1292,artifact,2,active,Locked,Item_MPMultipleCast_Name,Jolow's Watering Can,조로우의 물뿌리개,"LAKE, ACADEMY","+3/6/9/12/15% 마법서 피해량 / 최대 MP가 +500/400/320/250/200 이상인 경우, 마법서 1회 추가 시전","+3/6/9/12/15% Grimoire Damage / If Max MP is at least +500/400/320/250/200, cast Grimoire 1 additional times"
Judgment of Thunder,Skill_Icon_SuperHyperLightning,3036,artifact,3,active,Locked,Skill_0037_Name,Judgment of Thunder,천둥의 심판,MAGITECH,스킬 천둥의 심판 획득 / 거대한 전격 광선을 방출하여 10회 공격 / CD: 25s / MP: 24/28/32/36/36 / 피해량: 12 + 번개속성 피해 100/120/140/160/180%,Acquire Skill Judgment of Thunder / Emit a massive lightning beam to attack 10 times / CD: 25s / MP: 24/28/32/36/36 / Damage: 12 + Lightning Damage 100/120/140/160/180%
Kaleidoscope,Kaleidoscope,1195,artifact,1,active,Default,Item_Kaleidoscope_Name,Kaleidoscope,만화경,PRECISION,+15/25/35/45/55% 대상의 슈퍼 아머에 추가 피해,+15/25/35/45/55% Extra damage to target’s Super Armor
Keel Fragment,KeelFrgment,1012,artifact,0,active,Default,Item_KeelFragment_Name,Keel Fragment,용골 파편,MYSTIC,최대 HP +5/20,Max HP +5/20
Kirin's Horn,KirinsHorn,1170,artifact,2,active,Locked,Item_KirinHorn_Name,Kirin's Horn,기린의 뿔,MAGITECH,-2/4/6 얼음속성 피해 / 번개 속성 공격의 치명타 확률 +10/20/30% (동료 피해에도 적용),-2/4/6 Cold Damage / Lightning element attack Critical Chance +10/20/30% (also applies to Companion damage)
Kriton’s Seal,KritonsSeal,1087,artifact,0,active,Default,Item_IncreaseGoldDropRate_Name,Kriton’s Seal,크리톤의 인장,SAVVY,잎 획득량 +10/50%,Increases Leaf gain by +10/50%
Kunai,ThrowingDagger,1152,artifact,1,active,Locked,Item_Kunai_Name,Kunai,쿠나이,PRECISION,일반 공격 시 +100/125/150% 확률로 쿠나이를 발사 / [피해량: 10 (10+치명타 피해20/30%)],Normal attacks have a +100/125/150% chance to fire a kunai / [Damage: 10 (10+Critical Damage20/30%)]
Lantern,Lantern,1227,artifact,0,active,Hidden,Item_Lantern_Name,Lantern,랜턴,,,
Leaf Bird Leather,LeafyLeather,1072,artifact,1,active,Default,Item_Lightning_BasicAttack_Name,Leaf Bird Leather,잎새 가죽,DARKCLOUD,"+2/2/3/4% 먹구름의 추가 피해량 / 일반 공격, 대시 공격 적중 시 +100/175/275/400% 확률로 먹구름을 즉시 1 소모 (재사용 대기시간 +1.2/0.9/0.8/0.6초)","+2/2/3/4% Extra Storm Cloud damage / When Normal Attack or Dash attack hit, there's a +100/175/275/400% chance to immediately consume 1 Storm Cloud (Cooldown: +1.2/0.9/0.8/0.6 seconds)"
Library Minute Hand Miniature,LibraryMinuteHandMiniature,1058,artifact,2,active,Default,Item_LibraryMinute_Name,Library Minute Hand Miniature,도서관 분침 미니어처,PRECISION,+0.1/0.2/0.3/0.4/0.5s 특수 공격: 퓨리 시 무적 시간,+0.1/0.2/0.3/0.4/0.5s Invincibility Duration During Special Attack: Fury
Lightning Arrow,Skill_Icon_LightningArrow,3011,artifact,0,active,Locked,Skill_0003_Name,Lightning Arrow,라이트닝 애로우,MAGITECH,스킬 라이트닝 볼트 획득 / 인접한 적을 추가로 공격하는 투사체 발사 / CD: 1s / MP: 2 / 피해량: 20/22 + 번개속성 피해 40/60%,Acquire Skill Lightning Bolt / Additionally fires projectiles at nearby enemies / CD: 1s / MP: 2 / Damage: 20/22 + Lightning Damage 40/60%
Lightning Boomerang,Skill_Icon_LightningBoomerang,3034,artifact,1,active,Locked,Skill_0004_Name,Lightning Boomerang,번개 부메랑,MAGITECH,스킬 번개 부메랑 획득 / 전기로 감싼 부메랑을 발사 (돌아오는 부메랑을 회수하면 재사용 대기시간 일부 회복) / CD: 10s / MP: 9/10/11/12/12 / 피해량: 30 + 번개속성 피해 180/240/310/380/450%,Acquire Skill Lightning Boomerang / Launch a boomerang wrapped in electricity (recover part of cooldown by retrieving the returning boomerang) / CD: 10s / MP: 9/10/11/12/12 / Damage: 30 + Lightning Damage 180/240/310/380/450%
Lightning Rod,LightningRod,1113,artifact,3,active,Default,Item_MinimumLightning_Name,Lightning Rod,피뢰침,DARKCLOUD,+5/10/15/20/25//30/35/40 먹구름 용량 / +3/6/9/12/15//18/21/24% 전투 중 먹구름 회복 속도 / +1/2/3/4/5//6/7/8 번개속성 피해,+5/10/15/20/25//30/35/40 Storm Cloud Capacity / +3/6/9/12/15//18/21/24% Storm Cloud Recovery Rate during Combat / +1/2/3/4/5//6/7/8 Lightning Damage
Lightning Stone,LightningStone,1055,artifact,2,active,PocketDimensionShop,Item_PerfectGuardCounter_Lightning_Name,Lightning Stone,번갯돌,DARKCLOUD,+25/30/35/40/45//50/60% 먹구름의 추가 피해량,+25/30/35/40/45//50/60% Extra Storm Cloud damage
Lightning-Struck Branch,BoltChargedBramble,1141,artifact,0,active,Default,Item_Electric_Name,Lightning-Struck Branch,번개 맞은 나뭇가지,MAGITECH,무기 공격이나 마법서로 피해를 주면 대상에게 +10/20/30 번개속성 피해를 가함 (재사용 대기시간 2초),"When dealing damage with Weapon Attack or Grimoire, inflict +10/20/30 Lightning Damage on target (Cooldown 2 sec)"
Lizard Plate Armor,LizardArmor,1217,artifact,2,active,PocketDimensionShop,Item_PlateArmor_Name,Lizard Plate Armor,도마뱀 판금 갑옷,GUARDIAN,+14/16/18/21/24 방어력 / -2/4/6/8/10% 이동 속도 / -2/4/6/8/10% 공격 속도 / -2/4/6/8/10 마법서 가속,+14/16/18/21/24 Defense / -2/4/6/8/10% Move Speed / -2/4/6/8/10% Attack Speed / -2/4/6/8/10 Grimoire Haste
Log,Log,1286,artifact,0,active,Hidden,Item_Log_Name,Log,통나무,,이동 속도 -0.4%,Move Speed -0.4%
Lucky Medal,QuestGoldIcon,1271,artifact,1,active,Default,Item_TradeMoney_Name,Lucky Medal,행운의 메달,SAVVY,"+2/6/10 협상력 / 상인과 거래 시, +100/150/200 잎 생성 (상인당 1회 발동)",+2/6/10 Barter / Generate +100/150/200 Leaf when trading with a merchant (activates once per merchant)
Lunch Box,LunchBox,1282,artifact,1,active,WitchHat,Item_KongdolLunchbox_Name,Lunch Box,도시락,,+1/1/1/1/2 HP 흡수,+1/1/1/1/2 Life Steal
Mage's Coin,WizardCoin,1064,artifact,0,active,Locked,Item_MagicianCoin_Name,Mage's Coin,마법사의 동전,ACADEMY,+15/20/30/50/65 마법서 가속 / 보상에서 마법서가 등장할 확률 25% 증가,+15/20/30/50/65 Grimoire Haste / Increase the chance of Grimoire appearing in rewards by 25%
Magic Bucket,Bucket,1098,artifact,0,active,Hidden,Item_MagicBucket_Name,Magic Bucket,마법 양동이,,이동 속도 +0/0.1/0.1%,Move Speed +0/0.1/0.1%
Magic Bucket Full of Water,BucketWithWater,1099,artifact,0,active,Hidden,Item_MagicBucket_Water_Name,Magic Bucket Full of Water,물로 가득 찬 마법 양동이,,이동 속도 -0.4%,Move Speed -0.4%
Magic Carrot,MagicCarrot,1048,artifact,1,active,Default,Item_AmplitudeMagicCharmAP_Name,Magic Carrot,마법 당근,ELEMENTAL,+2/3/4/6/8 가장 높은 속성 피해 / +2/4/6/8/10% 이동 속도,+2/3/4/6/8 Highest Elemental Damage / +2/4/6/8/10% Move Speed
Magic Glasses,MagicGlasses,1163,artifact,2,active,Default,Item_MagicGlasses_Name,Magic Glasses,마법의 안경,SHADOW,+3/6/9/12 회피 / +7/14/22/30 최대 MP,+3/6/9/12 Evasion / +7/14/22/30 Max MP
Magma Bead,LavaBall,1213,artifact,3,active,Default,Item_MagmaBead_Name,Magma Bead,마그마 구슬,EMBER,화상 부여 시 0/1/1/2회 추가 부여 / +1/1/1/2 화상 중첩,Grants Burn 0/1/1/2 additional times / +1/1/1/2 Burn stacks
Meditation Book,QuickCast,1228,artifact,2,active,Locked,Item_QuickCast_Name,Meditation Book,명상 서적,ACADEMY,모든 마법서를 동작 없이 즉시 시전 / +6/8/11/14% 마법서 피해량,Instantly cast all Grimoire without action / +6/8/11/14% Grimoire Damage
Meteor Shower,Skill_Icon_MeteorRain,3022,artifact,3,active,Locked,Skill_0027_Name,Meteor Shower,메테오 샤워,EMBER,스킬 메테오 샤워 획득 / 시전 위치 범위에 무작위로 운석을 떨어뜨림 / CD: 26s / MP: 35/38/41/44 / 피해량: 22 + 화염속성 피해 50/100/180/200% / 메테오 개수: 20/25/30/35,Acquire Skill Meteor Shower / Randomly drops meteors within the casting area / CD: 26s / MP: 35/38/41/44 / Damage: 22 + Fire Damage 50/100/180/200% / Number of Meteors: 20/25/30/35
Meteorite Earrings,Sol,1236,artifact,3,active,Default,Item_FlameSwordReturn_Name,Meteorite Earrings,운철 귀걸이,FLAMESWORD,+5/10/15% 태양검 피해량 / +2/4/7 화염속성 피해 / 태양검 투척 시 자신과 가까운 곳에 떨어짐,+5/10/15% Solar Blade Damage / +2/4/7 Fire Damage / Solar Blade Falls near you when thrown
Meteorite Pauldrons,SunACC,1237,artifact,1,active,Default,Item_FlameSwordFall_Name,Meteorite Pauldrons,운철 어깨 장식,FLAMESWORD,"바닥에 떨어진 모든 태양검을 회수하고, 그 경로의 적에게 태양검 피해","Retrieve all Solar Blade that have fallen to the ground, dealing Solar Blade damage to enemies in the path"
Mini Ballista,LightningBallista,1071,artifact,1,active,Default,Item_MiniBalista_Name,Mini Ballista,미니 발리스타,"COMPANION, DARKCLOUD",함께 싸워주는 동료 소환 / 전기 화살에 적이 맞으면 +20/34/48/61/75% 확률로 먹구름 획득,Summon a companion to fight with you / Gain Storm Cloud with a +20/34/48/61/75% chance when a lightning arrow hits an enemy.
Mining Supervisor Armband,OrangeBand,1202,artifact,3,active,Locked,Item_SummonMole_Chief_Name,Mining Supervisor Armband,채굴 작업 총괄 완장,COMPANION,,
Model Beak,FakeBirdBeak,1081,artifact,2,active,Default,Item_IncreasePeacefulMoveSpeed_Name,Model Beak,모형 부리,SHADOW,+1/2/3/5/8 물리 피해 / +2/3/4/5/6 회피,+1/2/3/5/8 Physical Damage / +2/3/4/5/6 Evasion
Model Mast,MastModel,1065,artifact,0,active,Default,Item_Lightning_Faster_Name,Model Mast,돛대 모형,DARKCLOUD,+20/40/60% 먹구름의 소모 속도,+20/40/60% Consumption Speed of Storm Cloud
Mouse Mage’s Pendant,MouseWizard_sPendant,1073,artifact,1,active,Locked,Item_FullChargeMagicAPBonus_Name,Mouse Mage’s Pendant,쥐 마법사의 펜던트,ACADEMY,볼트 마법이 적을 향해 유도 / +2/5 MP 재생,Bolt Magic homes in on enemies / +2/5 MP Regeneration
Multicolored Candy Glass Jar,ElementalCandy,1277,artifact,1,active,Default,Item_ElementalCandy_Name,Multicolored Candy Glass Jar,오색사탕 유리병,ELEMENTAL,가장 높은 속성 피해의 +100/150/200/250%만큼 피해를 주는 속성 폭탄을 +1/2/3/4개 발사,Fire +1/2/3/4 elemental bombs dealing +100/150/200/250% of the highest elemental damage
Multipurpose Belt,PpppocketBelt,1030,artifact,2,active,Locked,Item_Belt_Name,Multipurpose Belt,다용도 벨트,MYSTIC,인벤토리 맨 위칸에 있는 아티팩트 하나당 아래 효과를 중복 획득 / 화염속성 피해 +1/1/1/2 / 번개속성 피해 +1/1/1/2 / 얼음속성 피해 +1/1/1/2,The following effects stack for each artifact in a top-row slot of your inventory / Fire Damage +1/1/1/2 / Lightning Damage +1/1/1/2 / Cold Damage +1/1/1/2
Mystical Pendulum,MagicPendulum,1262,artifact,3,active,Locked,Item_MagicPendulum_Name,Mystical Pendulum,신비한 무게 추,STURDY,+22/26/32/40/50% 일반 공격 피해 / -10/10/10/10/10% 공격 속도,+22/26/32/40/50% Normal Attack Damage / -10/10/10/10/10% Attack Speed
Neutralizer Noir,BlackNeutralizer,1121,artifact,1,active,Default,Item_AllStat_Name,Neutralizer Noir,중화제 흑,CURSE,+4/8/12/16% 디버프로 주는 피해량 / -10/10/6/6% 치명타 확률,+4/8/12/16% Damage dealt with Debuff / -10/10/6/6% Critical Chance
Oak Tree Coal,MongolianOakCharcoal,1102,artifact,1,active,Default,Item_FlameGround_Duration_Name,Oak Tree Coal,신갈나무 숯,EMBER,+10/20/30/40/50//60/70/80/90% 화상 공격 속도,+10/20/30/40/50//60/70/80/90% Attack Speed of Burn
Ohia Lehua,OhiaLehua,1101,artifact,0,active,Default,Item_FlameGround_Range_Name,Ohia Lehua,오히아 레후아,EMBER,무기 공격이나 마법서로 피해를 주면 대상에게 +10/20/30 화염속성 피해를 가함 (재사용 대기시간 2초),"When dealing damage with Weapon Attack or Grimoire, inflict +10/20/30 Fire Damage on target (Cooldown 2 sec)"
Oink Shaman’s Necklace,OinkShaman_sNecklace,1182,artifact,2,active,Locked,Item_DebuffDuration_Name,Oink Shaman’s Necklace,오잉크 주술사의 목걸이,CURSE,+20/40/60/80/100% 적에게 부여하는 모든 디버프의 지속시간,+20/40/60/80/100% Duration of all debuffs inflicted on enemies
Orb of Yearning,OrbOfLonging,1115,artifact,1,active,Locked,Item_ReservedMpBonus_Name,Orb of Yearning,갈망의 보주,ACADEMY,MP를 15 점유하여 마법서로 주는 피해량이 +10/12/15/18% 증가,"Reserve 15 MP, increasing Grimoire damage dealt by +10/12/15/18%"
Pallas’s Cards,Poker,1172,artifact,1,active,PocketDimensionShop,Item_PallasCard_Name,Pallas’s Cards,팔라스의 카드,WINDSONG,일반 공격 시 50% 확률로 카드를 발사 / 행운 1마다 발사 확률 0/2.5/5/7.5/10% 증가 (현재: -%) / [피해량: 24],"Normal attacks have a 50% chance to fire a card / For every 1 Luck, the chance to fire a card increases by 0/2.5/5/7.5/10% (Current: -%) / [Damage: 24]"
Pan Lid,PanLid,1190,artifact,2,active,Default,Item_Endure_Name,Pan Lid,냄비 뚜껑,GUARDIAN,"+2/4/6/8/11/15 MP 재생 / +1/2/3/4/5/6 회피 / 적에게 물리 치명타를 가할 때마다 '인내' 버프 획득 (6초간 방어력 3 증가, 최대 3중첩)","+2/4/6/8/11/15 MP Regeneration / +1/2/3/4/5/6 Evasion / Gain the Endure buff with each physical critical hit on an enemy (Increases defense by 3 for 6 seconds, up to 3 stacks)"
Pearl Dust,PearlPowder,1089,artifact,1,active,Locked,Item_IncreaseWeaponDamageFromGuardGauge_Name,Pearl Dust,진주 가루,ACADEMY,+8/10/12% 마법서 피해량,+8/10/12% Grimoire Damage
Phoenix Wing,PhoenixTail2,1214,artifact,1,active,Default,Item_FireFeather_Name,Phoenix Wing,봉황의 날개깃,EMBER,+2/3/5 화염속성 피해 / 전투 중 주변 +1/2/3명의 적에게 날아가 화상을 부여하는 깃털 소환 (재사용 대기시간 3.5초),+2/3/5 Fire Damage / Summon feathers in combat that fly at +1/2/3 nearby enemies and inflict Burn (Cooldown: 3.5 seconds)
Picture Fragment,Slate00,6000,artifact,1,active,Locked,Item_ArkPuzzle_Name,Picture Fragment,조각난 그림 파편,,,
Picture Fragment [6001],Slate01,6001,artifact,1,active,Locked,Item_ArkPuzzle_Name,Picture Fragment,조각난 그림 파편,,,
Picture Fragment [6002],Slate02,6002,artifact,1,active,Locked,Item_ArkPuzzle_Name,Picture Fragment,조각난 그림 파편,,,
Picture Fragment [6003],Slate03,6003,artifact,1,active,Locked,Item_ArkPuzzle_Name,Picture Fragment,조각난 그림 파편,,,
Picture Fragment [6004],Slate04,6004,artifact,1,active,Locked,Item_ArkPuzzle_Name,Picture Fragment,조각난 그림 파편,,,
Picture Fragment [6005],Slate05,6005,artifact,1,active,Locked,Item_ArkPuzzle_Name,Picture Fragment,조각난 그림 파편,,,
Picture Fragment [6006],Slate06,6006,artifact,1,active,Locked,Item_ArkPuzzle_Name,Picture Fragment,조각난 그림 파편,,,
Picture Fragment [6007],Slate07,6007,artifact,1,active,Locked,Item_ArkPuzzle_Name,Picture Fragment,조각난 그림 파편,,,
Picture Fragment [6008],Slate08,6008,artifact,1,active,Locked,Item_ArkPuzzle_Name,Picture Fragment,조각난 그림 파편,,,
Picture Fragment [6009],Slate09,6009,artifact,1,active,Locked,Item_ArkPuzzle_Name,Picture Fragment,조각난 그림 파편,,,
Picture Fragment [6010],Slate10,6010,artifact,1,active,Locked,Item_ArkPuzzle_Name,Picture Fragment,조각난 그림 파편,,,
Picture Fragment [6011],Slate11,6011,artifact,1,active,Locked,Item_ArkPuzzle_Name,Picture Fragment,조각난 그림 파편,,,
Picture Fragment [6012],Slate12,6012,artifact,1,active,Locked,Item_ArkPuzzle_Name,Picture Fragment,조각난 그림 파편,,,
Picture Fragment [6013],Slate13,6013,artifact,1,active,Locked,Item_ArkPuzzle_Name,Picture Fragment,조각난 그림 파편,,,
Picture Fragment [6014],Slate14,6014,artifact,1,active,Locked,Item_ArkPuzzle_Name,Picture Fragment,조각난 그림 파편,,,
Picture Fragment [6015],Slate15,6015,artifact,1,active,Locked,Item_ArkPuzzle_Name,Picture Fragment,조각난 그림 파편,,,
Pinwheel,Pinwheels,1092,artifact,1,active,Locked,Item_IncreaseDodgeInvincibleTime_Name,Pinwheel,바람개비,"WINDSONG, SHADOW",+3/6/9% 공격 속도 / +2/4/6 회피,+3/6/9% Attack Speed / +2/4/6 Evasion
Plasma Helmet,PlasmaHelmet2,1294,artifact,2,active,Locked,Item_PlasmaActive_Name,Plasma Helmet,플라즈마 헬멧,"EMBER, MAGITECH",화상과 감전이 플라즈마로 변경 / -15/10/5/0/5% 플라즈마 피해량,Burn and Electrocution change to Plasma / -15/10/5/0/5% Plasma Damage
Pointed Club,SharpBat,1151,artifact,2,active,Locked,Item_PointedBat_Name,Pointed Club,뾰족한 방망이,PRECISION,+20/40/60% 치명타 피해 / 공격 시 10% 확률로 빗나감 발동 (피해량 -20% 감소),+20/40/60% Critical Damage / Attacks have a 10% chance to miss (Reduces damage by -20%)
Pouch of Black Tea,BlackteaBag,1122,artifact,2,active,Default,Item_MiniBossFight_Name,Pouch of Black Tea,홍차 잎 주머니,,미니보스를 처치할 때마다 모든 피해 증폭 +4/8/12% 증가 (최대 3 스택) / 현재 스택 : 0 / 미니보스로부터 받는 피해 +30%,"Each time you defeat a Mini Boss, increase Universal Damage Boost by +4/8/12% (up to 3 stacks) / Current stacks: 0 / Damage taken from Mini Boss +30%"
Processed Wood,BasicCharm,1142,artifact,0,active,Hidden,Item_ProcessedWood_Name,Processed Wood,가공된 목재,,이동 속도 -0.4%,Move Speed -0.4%
Protection of Nature,ProtectOfNature,1265,artifact,3,active,Hidden,Item_MPShield_Name,Protection of Nature,자연의 보호,,사용 시 10초 동안 MP 실드 활성화,Activate MP Shield for 10 seconds on use
Radiating Charm,FluorescentCharm,1050,artifact,1,active,Default,Item_BlockBuffStrength_Name,Radiating Charm,형광 부적,STURDY,가드 성공 시 25.5초간 물리 피해 +2/4/6/8/10/15,"Upon a successful block, +2/4/6/8/10/15 physical damage for 25.5 seconds"
Rain of Arrows,Skill_Icon_ArrowRain,3023,artifact,2,active,Locked,Skill_0028_Name,Rain of Arrows,애로우 레인,GLACIER,스킬 애로우 레인 획득 / 시전 위치에 다수의 얼음 화살을 생성 (적중 시 적에게 일정 확률로 동상 부여) / CD: 16s / MP: 22/24/26/28 / 피해량: 10/12/14/16 + 얼음속성 피해 40/70/100/130% / 동상 확률: 66%,Acquire Skill Rain of Arrows / Creates multiple ice arrows at the casting location (Applies Frostbite to enemies on hit with a certain chance) / CD: 16s / MP: 22/24/26/28 / Damage: 10/12/14/16 + Cold Damage 40/70/100/130% / Frostbite Chance: 66%
Rainbow Feather,RainbowFeather,1147,artifact,3,active,Locked,Item_RainbowFeather_Name,Rainbow Feather,무지갯빛 깃털,WINDSONG,몰입 획득 시 0/0/1 추가 획득 / +10/16/22% 특수 공격 피해 / +5/5/10% 대시 회복 속도,Get additional 0/0/1 when acquiring Trance / +10/16/22% Special Attack Damage / +5/5/10% Dash Recovery Speed
Ray’s Star Fragment,RayetStarShard,1069,artifact,1,active,Locked,Item_DoubleMagic_Name,Ray’s Star Fragment,레이에 별조각,ACADEMY,왼쪽 칸의 마법서 소모 MP +30/35/42/55% 감소,Reduces MP cost of the Grimoire in the left slot by +30/35/42/55%
Red Mist,RedDew,1016,artifact,0,active,Default,Item_RedDew_Name,Red Mist,붉은 이슬,PRECISION,"치명타 적중 시, 주변 적에게 가장 높은 속성 수치의 +10/14/21/30%만큼 피해를 입힘","On critical hit, deal damage to nearby enemies equal to +10/14/21/30% of the highest attribute value"
Red Mushroom,RedMushroom,1305,artifact,1,active,WitchHat,Item_DebuffAttackSpeed_Name,Red Mushroom,빨간 버섯,,디버프로 주는 피해량 3%당 공격 속도 1% 증가,"For every 3% Damage dealt with Debuff, increase Attack Speed by 1%"
Red Planet,PlanetaryModels_B,1106,artifact,1,active,Default,Item_Planet_Red_Name,Red Planet,붉은 행성,PLANET,화염 미사일을 발사하는 붉은행성 소환 / [피해량: +26/31/36/42/48//54/60],Summons Red Planet that fires Fire missiles / [Damage: +26/31/36/42/48//54/60]
Red Planet Observation Log,PlanetObservationLog,1295,artifact,2,active,Locked,Item_FlamePlanet_Name,Red Planet Observation Log,붉은행성 관찰일지,"PLANET, EMBER",,
Red Snake Eyes,RedSnake'sEye,1032,artifact,1,active,Default,Item_FireGuard_Name,Red Snake Eyes,붉은 뱀의 눈,EMBER,플레이어 근처에 화염 속성 피해 +130/150/150/170/170/170%의 운석을 +1/1/2/2/3/4개 떨어뜨림 / 운석에 맞은 적은 화상 부여 / 재사용 대기시간 5초,Drops +1/1/2/2/3/4 meteors near the player that deal +130/150/150/170/170/170% fire damage / Inflicts Burn on enemies struck by the meteors / Cooldown: 5 seconds
Reloading Wooden Crate,BoltBox,1224,artifact,2,active,Default,Item_CrossbowAdditionalMagazine_Name,Reloading Wooden Crate,재장전용 나무 상자,STURDY,0/1/1/1/2 탄창 개수,0/1/1/1/2 Magazine Count
Riposte Blade Fragment,RiposteSwordFragment,1051,artifact,1,active,Default,Item_GuardCounter_Name,Riposte Blade Fragment,리포스테 검 조각,STURDY,카운터 : 가드 시 전방으로 짧은 근접 공격 생성함 (물리 피해의 +0.5/0/0.7/1.6/2.8/4.5%),Counter: Perform a short melee attack forward when blocking (+0.5/0/0.7/1.6/2.8/4.5% of physical damage)
Riposte Staff Fragment,RiposteStaffFragment,1288,artifact,1,active,Default,Item_GuardCounterStaff_Name,Riposte Staff Fragment,리포스테 봉 파편,STURDY,카운터 : 가드 시 전방으로 짧은 근접 공격 생성함 (물리 피해의 0/1/2.1/3.4/4.8/6.2%),Counter: Perform a short melee attack forward when blocking (0/1/2.1/3.4/4.8/6.2% of physical damage)
Rock Elephant,RockElephant,1246,artifact,2,active,Locked,Item_RockElephant_Name,Rock Elephant,바위코끼리,"GUARDIAN, WINDSONG",방어력의 +70/95/125/160/200%만큼 피해를 주는 바위창을 3개 발사 / 추가 공격 속도 15%당 바위창 개수 추가,Fire 3 rock spears that deal damage equal to +70/95/125/160/200% of Defense / Additional Rock Spear count per extra Attack Speed 15%
Rock Oink,Skill_Icon_StoneRabbit_GreatSW,3016,artifact,0,active,Hidden,Skill_0021_Name,Rock Oink,바위 오잉크,COMPANION,스킬 바위 오잉크 획득 / 함께 싸워주는 바위 오잉크를 소환 (소환 중 비용만큼 MP 점유) / CD: 10s / MP: 30 / 피해량: 15 + 물리 피해 0% / HP: 250 / 지속시간: 60,Acquire Skill Rock Oink / Summons a rock Oink that fights with you (a portion of MP equal to the summoning cost will be locked) / CD: 10s / MP: 30 / Damage: 15 + Physical Damage 0% / HP: 250 / Duration: 60
Ruby Brooch,RubyBrooch,1187,artifact,2,active,Locked,Item_BlazingStormcloud_Name,Ruby Brooch,루비 브로치,"DARKCLOUD, EMBER",+3/5/7/10 번개속성 피해 / +3/5/7/10 화염속성 피해 / 먹구름의 벼락이 적중한 적에게 화상 디버프 부여,+3/5/7/10 Lightning Damage / +3/5/7/10 Fire Damage / Inflicts Burn on enemies struck by Storm Cloud
Rylie’s Pocket Watch,RylieWatch,1165,artifact,3,active,Locked,Item_RylieWatch_Name,Rylie’s Pocket Watch,라일리의 회중시계,ACADEMY,+40/60/80 마법서 가속 / +8/14/20% 치명타 피해 / +5/5/10% 마법서의 소모 MP 감소,+40/60/80 Grimoire Haste / +8/14/20% Critical Damage / +5/5/10% Reduce MP Cost of Grimoire
Sapote Fruit,SapoteFruit,1068,artifact,1,active,Default,Item_Lightning_MPRegen _Name,Sapote Fruit,사포테 열매,DARKCLOUD,+4/8/12/16/20 먹구름 용량 / +1/2/3/4/5 MP 재생,+4/8/12/16/20 Storm Cloud Capacity / +1/2/3/4/5 MP Regeneration
Scabbard of Exorcism,ScabardOfExorcism,1014,artifact,1,active,Default,Item_ScabbardOfExorcism_Name,Scabbard of Exorcism,축사의 검집,FROST,"6초마다 충전, 일반 공격 시 얼음 속성 검기 발사 / [피해량: 24 (24 + 얼음속성 피해+100/150/200/260/320//380/460%)]","Charges every 6 seconds, unleashes a Ice slash on normal attack / [Damage: 24 (24 + Cold Damage+100/150/200/260/320//380/460%)]"
Scale of Conflict,LibraOfOpposition0,1144,artifact,2,active,Locked,Item_FireIce_Name,Scale of Conflict,대립의 천칭,"EMBER, GLACIER","인벤토리 왼편에선 불 속성, 오른편에선 얼음 속성이 부여됨 / 부여된 속성 피해 +2/15 / 반대 속성 피해 +0/5","Grants Fire to the left side of inventory, and Ice to the right / Granted element damage: +2/15 / Opposing element damage: +0/5"
Scrap of Red Cloth,RedCloth,1183,artifact,1,active,Default,Item_RedCloth_Name,Scrap of Red Cloth,붉은 천 조각,CURSE,적에게 피해를 가할 때 대상에게 부여된 디버프 하나당 +4/5/7/10%의 추가 피해를 가함,"When dealing damage to an enemy, deal an additional +4/5/7/10% damage for each debuff applied to the target"
Scythe of Berut,ScytheOfBerut,1173,artifact,3,active,Locked,Item_ScytheOfBerut_Name,Scythe of Berut,베루트의 낫,PRECISION,"+2.5/5/7.5/10% 치명타 확률 / 공격의 치명타 확률이 100%를 초과한 경우, 초과된 확률이 처형 발생 확률로 전환","+2.5/5/7.5/10% Critical Chance / When Critical Chance exceeds 100%, the excess is converted into Execution Chance."
Seren’s Rushed Letter,Seren_sScrawledLetter,1060,artifact,2,active,Default,Item_MagicLetter_Name,Seren’s Rushed Letter,세렌의 휘갈긴 편지,GUARDIAN,전투 중 MP 40을 소모할 때마다 보호막 +5/10/15 획득 (15초 지속),"Each time you use 40 MP in combat, gain a Shield with +5/10/15 hit points (lasts for 15 seconds)"
Sharp Acorn,PointedAcorn,1070,artifact,1,active,Default,Item_Lightning_DarkCloudBuff_Name,Sharp Acorn,뾰족 도토리,DARKCLOUD,+3/6/9/12% 전투 중 먹구름 회복 속도 / +3/3/6/6 회피,+3/6/9/12% Storm Cloud Recovery Rate during Combat / +3/3/6/6 Evasion
Sharp Eye,Skill_Icon_SharpEye,3018,artifact,1,active,Locked,Skill_0023_Name,Sharp Eye,샤프 아이,PRECISION,스킬 샤프 아이 획득 / 치명타 확률이 12% 증가하는 버프를 획득 / CD: 30s / MP: 24/16/6 / 지속시간: 15,Acquire Skill Sharp Eye / Gain a buff that increases critical chance by 12% / CD: 30s / MP: 24/16/6 / Duration: 15
Sharp Flint,PointedFlint,1079,artifact,1,active,Default,Item_IncreaseDamageOnGuardGauge_Name,Sharp Flint,뾰족 부싯돌,ELEMENTAL,+2/4/6/8% 치명타 확률 / +1/2/3/4 가장 높은 속성 피해,+2/4/6/8% Critical Chance / +1/2/3/4 Highest Elemental Damage
Sheet Music 'Galaxy',TheGalaxySheetmusic,1251,artifact,2,active,Locked,Item_SuperPlanet_Name,Sheet Music 'Galaxy',악보 '은하',"PLANET, WINDSONG",+4/8/12% 공격 속도 / 무기 공격 할 때마다 행성 공격 주기가 빨라짐,+4/8/12% Attack Speed / Each Weapon Attack speeds up the attack cycle of planets
Sheet Music 'The Typhoon',TheTyphoonSheetmusic,1245,artifact,2,active,Locked,Item_TheTyphoonSheetmusic_Name,Sheet Music 'The Typhoon',악보 '폭풍',"DARKCLOUD, WINDSONG",+4/8/12% 공격 속도 / 먹구름의 소모 속도는 공격 속도의 +25/50/100% 만큼 더 빨라짐 / 무기 공격 시 +5/10/15의 번개속성 피해를 가함,+4/8/12% Attack Speed / Consumption Speed of Storm Cloud increases by +25/50/100% of Attack Speed / Inflicts +5/10/15 Lightning Damage on Weapon Attack
Shield,Skill_Icon_Barrier,3033,artifact,0,active,Locked,Skill_0035_Name,Shield,보호막,GUARDIAN,스킬 보호막 획득 / 보호막을 12 획득하는 버프 부여 / CD: 20s / MP: 20/12 / 지속시간: 6,Acquire Skill Shield / Grants a buff that gives 12 Barrier / CD: 20s / MP: 20/12 / Duration: 6
Shield Bag,ShieldBag,1053,artifact,2,active,Locked,Item_IncreaseShieldDefenseRange_Name,Shield Bag,방패 가방,"GUARDIAN, ACADEMY",방어력 10당 다음 효과 획득 / 화염속성 피해 +1/1/2/3 / 얼음속성 피해 +1/1/2/3 / 번개속성 피해 +1/1/2/3,Gain the following effect for every 10 Defense / Fire Damage +1/1/2/3 / Cold Damage +1/1/2/3 / Lightning Damage +1/1/2/3
Shield Earrings,ShieldEaring,1017,artifact,1,active,Locked,Item_ShieldEarring_Name,Shield Earrings,방패 귀고리,GUARDIAN,+5/10/15/20 최대 HP / -5/4/3/2 회피,+5/10/15/20 Max HP / -5/4/3/2 Evasion
Shield Training Manual,ShieldBook,1010,artifact,0,active,Default,Item_ShieldTrainingManual_Name,Shield Training Manual,방패술 교본,STURDY,+5/8% 특수 공격 피해,+5/8% Special Attack Damage
Shieldmate,ShieldMate,1034,artifact,3,active,Default,Item_ShieldBash_Name,Shieldmate,실드 메이트,STURDY,+2/4/6/9/12//15/20% 무기 피해량 / -20/20/20/10/5//5/0% 공격 속도 / 특수 공격 MP 소모 +15/30/45/60/70//80/100,+2/4/6/9/12//15/20% Weapon Damage / -20/20/20/10/5//5/0% Attack Speed / Special Attack MP Cost +15/30/45/60/70//80/100
Shimmering Eye,ShimmeringEye,1250,artifact,2,active,Locked,Item_ShadowEye_Name,Shimmering Eye,일렁이는 눈,"SHADOW, PRECISION","치명타 시 '신기루' 스택 획득. 신기루 100% 상태에서 피격 시 공격을 무조건 회피하며, 주변 넓은 적에게 회피 +300/600/900/1200/1500% 혼돈 피해","Gain a 'Mirage' stack on critical hits. At 100% Mirage, automatically evade the next attack and deal Evasion +300/600/900/1200/1500% Chaos damage to surrounding enemies."
Silver Bracelet,SilverBracelet,1194,artifact,1,active,Default,Item_SilverBracelet_Name,Silver Bracelet,은팔찌,WINDSONG,+4/8/12/16% 공격 속도 / -4/6/8/10% 이동 속도,+4/8/12/16% Attack Speed / -4/6/8/10% Move Speed
Silver Plate,SilverPlate,1086,artifact,0,active,Default,Item_AttackBuffOnHealthLoss_Name,Silver Plate,은접시,STURDY,+3/6/10% 일반 공격 피해 / +3/6/10% 특수 공격 피해,+3/6/10% Normal Attack Damage / +3/6/10% Special Attack Damage
Simple Contract,ShortContract,1026,artifact,0,active,Default,Item_ShortContract_Name,Simple Contract,간이 계약서,COMPANION,동료들의 최대 HP +25/55/88/120/150%,Companion Max HP +25/55/88/120/150%
Six-leaf Clover,6LeavesClover,1155,artifact,3,active,Locked,Item_SixLeafClover_Name,Six-leaf Clover,여섯 잎 클로버,SHADOW,+3/6/9/12 회피 / +3/6/9/12 행운 / +2/4/6/8% 치명타 확률 / +1/1/2/2 고정 피해,+3/6/9/12 Evasion / +3/6/9/12 Luck / +2/4/6/8% Critical Chance / +1/1/2/2 True Damage
Sky Blue Planet,PlanetaryModels_D,1107,artifact,1,active,Default,Item_Planet_Sky_Name,Sky Blue Planet,하늘색 행성,PLANET,번개 레이저를 발사하는 하늘색 행성 소환 / [피해량: +30/40/45/50/55/60],Summons a sky blue planet that shoots Lightning laser beams / [Damage: +30/40/45/50/55/60]
Slim Cushion,Cushion,1090,artifact,2,active,Default,Item_FollowerAttackSpeed_Name,Slim Cushion,얇은 방석,COMPANION,+5/10/15/20/30//40/50% 동료 부활 시간 가속 / 동료들이 +20/25/30/35/40//50/60% 더 자주 공격,+5/10/15/20/30//40/50% Companion Revive Time Haste / Companions attack +20/25/30/35/40//50/60% more frequently
Smoke Screen,Skill_Icon_Smoke,3030,artifact,0,active,Locked,Skill_0032_Name,Smoke Screen,연막,SHADOW,스킬 연막 획득 / 주위에 적의 공격을 3회 회피하는 연막을 소환합니다. / 3회 회피 시 연막은 사라집니다. / CD: 30s / MP: 24 / 지속시간: 10,Acquire Skill Smoke Screen / Summons a smokescreen that allows you to evade enemy attacks 3 times. The smokescreen disappears after 3 evasions. / CD: 30s / MP: 24 / Duration: 10
Snow Mountain Long-eared Bat,IceBat,1293,artifact,2,active,Locked,Item_IceBat_Name,Snow Mountain Long-eared Bat,설산 큰귀박쥐,"GLACIER, WINDSONG",+2/5/6/8/10% 공격 속도 / 0.5초마다 동상에 걸린 적에게 얼음 투사체를 발사 / [피해량: 0 (얼음속성 피해의 45% × 공격 속도의 120%)] / 이 피해는 서리 손길 효과가 적용되지 않음,+2/5/6/8/10% Attack Speed / Fire an ice projectile at enemies afflicted with Frostbite every 0.5 sec / [Damage: 0 (Cold Damage's 45% × Attack Speed's 120%)] / This damage is not affected by Frost Touch
Snowflake Necklace,SnowNeckless,1176,artifact,0,active,Default,Item_SnowNeckless_Name,Snowflake Necklace,눈 결정 목걸이,GLACIER,+1/3/5 얼음속성 피해 / +1/3/5% 이동 속도 / 동상에 걸린 대상의 이동 속도를 +5/10/15% 추가로 감소,+1/3/5 Cold Damage / +1/3/5% Move Speed / Further reduces Move Speed by +5/10/15% for targets afflicted by Frostbite
Solis Decussa,FlameSwordArts3,1233,artifact,1,active,Default,Item_FlameSword03_Name,Solis Decussa,솔리스 데쿠사,FLAMESWORD,+5/10/15/20% 태양검 피해량 / +4/8/12/16% 치명타 피해,+5/10/15/20% Solar Blade Damage / +4/8/12/16% Critical Damage
Solis Dekri,FlameSwordArts1,1240,artifact,3,active,Default,Item_FlameSword04_Name,Solis Dekri,솔리스 데크리,FLAMESWORD,태양검이 대상의 방어력을 +2/4/6/8/10//12/14% 무시 / +5/10/15/22/30//40/50% 태양검 치명타 확률,Ignore target's defense by +2/4/6/8/10//12/14% with Solar Blade / +5/10/15/22/30//40/50% Critical Chance of Solar Blade
Solis Fracto,FlameDagger,1193,artifact,0,active,Default,Item_FlameSword01_Name,Solis Fracto,솔리스 프라투,FLAMESWORD,+2/3/5 화염속성 피해 / +2/4/6 최대 HP,+2/3/5 Fire Damage / +2/4/6 Max HP
Solis Parvo,FlameSwordArts0,1232,artifact,1,active,Default,Item_FlameSword02_Name,Solis Parvo,솔리스 파르보,FLAMESWORD,+1/1/2/2/3 태양검 개수 상한 / +1/2/4/6/8% 이동 속도,+1/1/2/2/3 Solar Blade Maximum Count / +1/2/4/6/8% Move Speed
Spiny Shell,GgaeshiDdushiDdashi,1192,artifact,1,active,Default,Item_Thorns_Name,Spiny Shell,가시 등껍질,GUARDIAN,+150/300/450% 가시 / +1/2/3 방어력,+150/300/450% Thorns / +1/2/3 Defense
Standards of Magic,TheMagicFormulaAPcourse,1076,artifact,2,active,Default,Item_IncreaseAP_Name,Standards of Magic,마법의 정석,ELEMENTAL,+2/4/6/8/10 가장 높은 속성 피해 / +3/6/9/12/15% 마법서 피해량,+2/4/6/8/10 Highest Elemental Damage / +3/6/9/12/15% Grimoire Damage
Star Aquamarine,Aquamarine,1124,artifact,1,active,Locked,Item_FinalMP_Name,Star Aquamarine,스타 아쿠아마린,LAKE,+10/20/33/45/60% 최종 MP,+10/20/33/45/60% Final MP
Star Ruby,Ruby,1123,artifact,1,active,Locked,Item_FinalHP_Name,Star Ruby,스타 루비,LAKE,+10/20/33/45/60% 최종 HP,+10/20/33/45/60% Final HP
Stone Flower,StoneFlower,1066,artifact,0,active,Default,Item_Lightning_Range_Name,Stone Flower,석화,DARKCLOUD,+3/6 번개속성 피해 / +3/6% 치명타 피해,+3/6 Lightning Damage / +3/6% Critical Damage
Stone Spindle Whorl,SpindleWhorl,1278,artifact,2,active,Locked,Item_MPSkillDamage_Name,Stone Spindle Whorl,돌 가락바퀴,LAKE,+6/12/18/24/30% MP를 소모하는 능력의 피해량,+6/12/18/24/30% Damage of abilities consuming MP
Stone Wave,Skill_Icon_Stoning,3015,artifact,0,active,Hidden,Skill_0015_Name,Stone Wave,스톤 웨이브,,스킬 스톤 웨이브 획득 / 앞뒤로 돌무더기를 소환하여 범위 내 적을 공격 / CD: 9s / MP: 24/20 / 피해량: 0 + 물리 피해 100/120%,Acquire Skill Stone Wave / Summons stone piles in front and behind to attack enemies within range / CD: 9s / MP: 24/20 / Damage: 0 + Physical Damage 100/120%
Straw Doll,StrawDoll,1164,artifact,0,active,Default,Item_StrawDoll_Name,Straw Doll,지푸라기 인형,LAKE,+3/6/9 MP 재생 / +2/3/5% 치명타 피해,+3/6/9 MP Regeneration / +2/3/5% Critical Damage
Sun of the Archives,SunSymbol,1311,artifact,2,active,Locked,Item_FlameSwordMagic_Name,Sun of the Archives,서고의 태양,"FLAMESWORD, ACADEMY","마법서 피해량 1%당 태양검 피해량 1% 증가 / 마법서 피해를 입힐 시, 태양검 0/0/1/1/2회 추가 발동","Each 1% of Grimoire Damage increases Solar Blade damage by 1% / When dealing Grimoire damage, additionally activates Solar Blade 0/0/1/1/2 times"
Sword Earrings,SwordEaring,1033,artifact,2,active,Locked,Item_SwordDamage_Name,Sword Earrings,검 귀고리,PRECISION,+10/16/24/33% 치명타 피해 / -16/13/10/7 최대 MP,+10/16/24/33% Critical Damage / -16/13/10/7 Max MP
Sword Training Manual,SwordBook,1009,artifact,2,active,Default,Item_SwordTrainingManual_Name,Sword Training Manual,검술 교본,WINDSONG,공격 속도 +7/14/26%,Attack Speed +7/14/26%
Tactical Manual,TacticalManualBook,1249,artifact,2,active,Locked,Item_Commander_Name,Tactical Manual,전술 지침서,"COMPANION, PRECISION","플레이어 치명타 확률, 치명타 피해가 동료에게 +30/60/90/120% 반영 / +2/4/6/8% 치명타 확률",Player Critical Chance and Critical Damage contribute +30/60/90/120% to Companion / +2/4/6/8% Critical Chance
Tainted Bandage,CorruptBandage,1109,artifact,0,active,Default,Item_AddMaxRage_Name,Tainted Bandage,부정한 붕대,PRECISION,+1/3/6/9% 치명타 확률 / +1/2/3/3 물리 피해,+1/3/6/9% Critical Chance / +1/2/3/3 Physical Damage
Tero’s Spirit Powder,JellyFishDust2,1199,artifact,1,active,Locked,Item_SummonJellyFish_Fire_Name,Tero’s Spirit Powder,테로의 영혼 가루,"COMPANION, EMBER",,
Thorn Bush,ThornBush,1093,artifact,1,active,Locked,Item_IncreaseDirectAttackExternalForce_Name,Thorn Bush,가시덤불,WINDSONG,대시 중 닿은 적을 물리 피해의 30/100%로 공격 / (대시 횟수 소모 시 2배 피해),Attacks the enemy touched during the dash for 30/100% physical damage / (Deals double damage if Dash Count is consumed)
Thorn Charm,ThornsCharm,1028,artifact,1,active,Locked,Item_ThornsCharm_Name,Thorn Charm,가시 부적,STURDY,+2/4/6/10% 치명타 확률 / +1/1/2/3 물리 피해,+2/4/6/10% Critical Chance / +1/1/2/3 Physical Damage
Thrust Manual,KatanaDashAttackScroll,1235,artifact,1,active,Default,Item_KatanaDashAttackScroll_Name,Thrust Manual,찌르기 교본,STURDY,"2초마다 대시 공격이 강화되어 피해량이 +30/60/90/120% 증가하고, 가장 높은 속성에 기반한 공격으로 전환","Every 2 seconds, Dash attack is enhanced to increase damage by +30/60/90/120% and convert to an attack based on the highest attribute"
Thunder Armor,Skill_Icon_LightningArmor,3028,artifact,2,active,Locked,Skill_0030_Name,Thunder Armor,천둥 갑옷,MAGITECH,스킬 천둥 갑옷 획득 / 번개 갑옷을 생성하여 주변 적을 3회 공격하는 체인 라이트닝을 시전함 / CD: 25s / MP: 36/33/30/30/30 / 지속시간: 10 / 피해량: 2/2/2/3/3 + 번개속성 피해 60/70/80/95/110% / 공격주기: 0.33,Acquire Skill Thunder Armor / Creates a lightning armor that casts chain lightning to attack nearby enemies 3 times. / CD: 25s / MP: 36/33/30/30/30 / Duration: 10 / Damage: 2/2/2/3/3 + Lightning Damage 60/70/80/95/110% / Attack Interval: 0.33
Thunder's Earring,LightningEarring,1239,artifact,1,active,Default,Item_ElectricEarring_Name,Thunder's Earring,썬더의 귀걸이,MAGITECH,"+1/2/3/4/5/6 번개속성 피해 / 4초마다 주변 +1/2/2/3/3/4명의 적에게 번개속성 피해 30%의 번개 공격을 가하고, 감전 디버프 부여","+1/2/3/4/5/6 Lightning Damage / Every 4 seconds, deal Lightning Damage 30% to +1/2/2/3/3/4 nearby enemies and inflict Electrocution."
Thunderfrost Butterfly,LightningIceButterfly,1244,artifact,2,active,Locked,Item_ThunderfrostButterfly_Name,Thunderfrost Butterfly,얼음구름 나비,"DARKCLOUD, GLACIER",먹구름이 눈보라 구름으로 변경됨 / +2/4/6/8 얼음속성 피해 / +6/12/18/24% 먹구름의 소모 속도,Storm Cloud changes to Snowstorm Cloud / +2/4/6/8 Cold Damage / +6/12/18/24% Consumption Speed of Storm Cloud
Thunderstorm Tracking Compass,LightningCompass,1167,artifact,3,active,Locked,Item_LightningCompass_Name,Thunderstorm Tracking Compass,뇌운추적 나침반,MAGITECH,감전 부여 시 15/30/45/60% 확률로 강화 감전 부여 / +2/4/6/8 번개속성 피해,"When Electrocution is applied, apply Enhanced Electrocution with a 15/30/45/60% chance / +2/4/6/8 Lightning Damage"
Tiny Magic Conch,MagicConch,1063,artifact,1,active,Default,Item_SmallConch_Name,Tiny Magic Conch,작은 마법 고둥,FROST,+3/6/10% 얼음 무구의 피해량 / +5/8/12% 치명타 피해,+3/6/10% Frost Relic damage / +5/8/12% Critical Damage
Tome of Transmutation -,PhysicalToBook0,1307,artifact,2,active,WitchHat,Item_PhysicalToFire_Name,Tome of Transmutation -,변환의 서:,,"추가 물리 피해가 0이 되고, 그 20/40/60/80/100%가 화염속성 피해로 변환","Additional Physical Damage becomes 0, and that 20/40/60/80/100% is converted to Fire Damage"
Tome of Transmutation - [1308],PhysicalToBook1,1308,artifact,2,active,WitchHat,Item_PhysicalToIce_Name,Tome of Transmutation -,변환의 서:,,"추가 물리 피해가 0이 되고, 그 20/40/60/80/100%가 얼음속성 피해로 변환","Additional Physical Damage becomes 0, and that 20/40/60/80/100% is converted to Cold Damage"
Tome of Transmutation - [1309],PhysicalToBook2,1309,artifact,2,active,WitchHat,Item_PhysicalToLightning_Name,Tome of Transmutation -,변환의 서:,,"추가 물리 피해가 0이 되고, 그 20/40/60/80/100%가 번개속성 피해로 변환","Additional Physical Damage becomes 0, and that 20/40/60/80/100% is converted to Lightning Damage"
Topaz Badge,Key_Topaz,1298,artifact,1,active,WitchHat,Item_KeyMagitech_Name,Topaz Badge,토파즈 배지,,+2/4/6/8/10% 무기 피해량 / +2/3/4/5/6 번개속성 피해,+2/4/6/8/10% Weapon Damage / +2/3/4/5/6 Lightning Damage
Toxic Spore Pouch,SporePoket,1154,artifact,2,active,WitchHat,Item_VenomSporePouch_Name,Toxic Spore Pouch,맹독 포자 주머니,,+4/6/8/10% 보스와 미니보스에게 주는 추가 피해량,+4/6/8/10% Bonus damage dealt to Boss and Mini Boss
Traveler's Blessing,BlessOfSage2,1301,artifact,2,active,Locked,Item_BlessOfSage_Name,Traveler's Blessing,나그네의 축복,ALCHEMY,+4/8/12% 무기 피해량 / +4/8/12% 마법서 피해량 / 0/1/2 고정 피해 / +3/6/9% 이동 속도,+4/8/12% Weapon Damage / +4/8/12% Grimoire Damage / 0/1/2 True Damage / +3/6/9% Move Speed
Tuning Fork,TuningForks,1117,artifact,2,active,Locked,Item_PerfectGuardDamageQuest_Name,Tuning Fork,소리굽쇠,"ACADEMY, STURDY",0.8초마다 한 번 마법서 시전 시 '음파' 스택을 획득 (최대 5 중첩) / 무기 공격으로 스택을 모두 소모하여 공격 지점에 혼돈 피해를 가함 (마법서 피해로 간주됨) / 피해량: 모든 속성 피해의 평균치 +200/250/300/350/450/550% (마법서 가속 1당 소리굽쇠 피해량이 1% 증폭),Gain a 'Sonic Wave' stack each time Grimoire is cast every 0.8 seconds (up to 5 stacks) / Consume all stacks with Weapon Attack to deal Chaos damage at the attack point (considered as Grimoire damage) / Damage: Average damage of all elemental types +200/250/300/350/450/550% (Grimoire Haste 1 increases Tuning Fork damage by 1%)
Unidentified Advanced Artifact,UnknownCharm,10001,artifact,1,active,Default,Item_Identifiable_Charm_Uncommon_Name,Unidentified Advanced Artifact,미감정 고급 아티팩트,,,
Unidentified Bolt Grimoire,UnknownCharm,10004,artifact,0,active,Default,Item_Identifiable_BoltMagic_Name,Unidentified Bolt Grimoire,미감정 볼트 마법서,,,
Unidentified Bolt Grimoire Support Artifact,UnknownCharm,10005,artifact,0,active,Default,Item_Identifiable_BoltMagicModifier_Name,Unidentified Bolt Grimoire Support Artifact,미감정 볼트 마법 보조 아티팩트,,,
Unidentified Common Artifact,UnknownCharm,10000,artifact,0,active,Default,Item_Identifiable_Charm_Common_Name,Unidentified Common Artifact,미감정 일반 아티팩트,,,
Unidentified Friend Artifact,UnknownCharm,10008,artifact,0,active,Default,Item_Identifiable_Friend_Name,Unidentified Friend Artifact,미감정 친구 아티팩트,,,
Unidentified Legendary Artifact,UnknownCharm,10003,artifact,3,active,Hidden,Item_Identifiable_Charm_Legend_Name,Unidentified Legendary Artifact,미감정 전설 아티팩트,,,
Unidentified Rare Artifact,UnknownCharm,10002,artifact,2,active,Default,Item_Identifiable_Charm_Rare_Name,Unidentified Rare Artifact,미감정 희귀 아티팩트,,,
Unidentified Summoning Grimoire,UnknownCharm,10007,artifact,0,active,Default,Item_Identifiable_SummonMagic_Name,Unidentified Summoning Grimoire,미감정 소환 마법서,,,
Unidentified Sword and Shield Artifact,UnknownCharm,10006,artifact,0,active,Default,Item_Identifiable_SwordAndShield_Name,Unidentified Sword and Shield Artifact,미감정 검과 방패 아티팩트,,,
Valter’s Work Monocle,BalterMonocle,1191,artifact,3,active,Default,Item_CritAndRanged_Name,Valter’s Work Monocle,발터의 작업용 단안경,PRECISION,"+10/19/28/35/45% 치명타 확률 / 적이 3타일 내에 근접해 있는 경우, 치명타 피해 -30%","+10/19/28/35/45% Critical Chance / If an enemy is within 3 tiles, critical damage -30%"
Vital Touch,TouchOfLiving,1196,artifact,2,active,Locked,Item_Exploitation_Name,Vital Touch,생명의 손길,STURDY,-55/48/40/33% 최종 HP / 무기 공격 시 HP를 +1/1/1/1만큼 회복 (재사용 대기시간 1초),-55/48/40/33% Final HP / Recovers HP by +1/1/1/1 on Weapon Attack (Cooldown 1 seconds)
Voluspa,Voluspa,1137,artifact,2,active,Default,Item_IceSpear_Name,Voluspa,볼루스파,FROST,전투 중 6초마다 충전됨. 충전 이후 주변에 적이 있다면 아래 효과 발동 / 얼음 창이 날아와 적들을 +1/1/1/1/1//2/2/2/3회 공격 / [피해량: 20 (20+얼음속성 피해+100/140/180/220/260//155/170/130/150%)],Charges every 6 seconds during combat. Activates the following effect if there are enemies nearby after charging. / Ice spear flies in and attacks enemies +1/1/1/1/1//2/2/2/3 times / [Damage: 20 (20+Cold Damage+100/140/180/220/260//155/170/130/150%)]
Wanderer's Necklace,DriftNecklace,1275,artifact,2,active,Locked,Item_DriftNecklace_Name,Wanderer's Necklace,유랑자의 목걸이,WINDSONG,+6/12/18% 공격 속도 / +2/4/6 가장 높은 속성 피해,+6/12/18% Attack Speed / +2/4/6 Highest Elemental Damage
Warm Stone,WarmStone,1018,artifact,2,active,Default,Item_WarmStone_Name,Warm Stone,따뜻한 돌,PRECISION,치명타 피해 +10/20/30/40/50%,Critical Damage +10/20/30/40/50%
Warning Letter,Certificates,5000,artifact,2,active,Hidden,Item_WANTED_Name,Warning Letter,경고 문서,,+4/8% 이동 속도,+4/8% Move Speed
Warrior Seal,GreatCharmOfStrength,1036,artifact,1,active,Default,Item_ProofOfWarrior_Name,Warrior Seal,전사의 증표,STURDY,+1/2/3/4/6//8/10/13 물리 피해 / +5/5/5/10/10//10/15/15% 공격 속도,+1/2/3/4/6//8/10/13 Physical Damage / +5/5/5/10/10//10/15/15% Attack Speed
Water Bag,WaterPocket,1138,artifact,1,active,Locked,Item_WaterBag_Name,Water Bag,물주머니,LAKE,"MP를 소모할 때마다 최대 MP 1 증가 (최대 +10/15/20/25, 재사용 대기시간 5초)","Increases Max MP by 1 every time you use MP (up to +10/15/20/25, cooldown: 5 seconds)"
Water Bolt,Skill_Icon_Waterbolt,3017,artifact,0,active,Hidden,Skill_0005_Name,Water Bolt,워터 볼트,,스킬 워터 볼트 획득 / 작은 물 투사체를 생성하여 던짐 / CD: 1s / MP: 2 / 피해량: 0 + 얼음속성 피해 100/110%,Acquire Skill Water Bolt / Hurls a small water projectile / CD: 1s / MP: 2 / Damage: 0 + Cold Damage 100/110%
Water Spirit,WaterElemental,1296,artifact,2,active,Locked,Item_LakeSpirit_Name,Water Spirit,물의 정령,"LAKE, PRECISION","최대 MP 30%를 사용하여, 조준 지점에 '워터 그랩' 시전 / [피해량: 최대 MP × +160/240/320/400/500] / 이 공격의 치명타 피해 +10/15/20/25/30% 증폭",Cast 'Water Grab' at the targeted location using Max MP 30% / [Damage: Max MP × +160/240/320/400/500] / Amplify this attack's Critical Damage +10/15/20/25/30%
Whirlwind Stone,SwirledStones,1306,artifact,1,active,WitchHat,Item_HighSpeed_Name,Whirlwind Stone,회오리 돌,,+2/4/6/8% 모든 피해 증폭 / +6/12/18/24% 이동 속도,+2/4/6/8% Universal Damage Boost / +6/12/18/24% Move Speed
White Branch,WhiteTwigs,1040,artifact,2,active,Default,Item_SilverBranch_Name,White Branch,하얀 나뭇가지,LAKE,MP 재생 +5/9/15/22/30,MP Regeneration +5/9/15/22/30
White Cape,SnowwhiteCape,1186,artifact,1,active,Default,Item_WhiteCloak_Name,White Cape,순백의 망토,MYSTIC,+30/60/100/130/160/200% 자신이 부여한 버프의 지속시간,+30/60/100/130/160/200% Duration of Buffs Applied by Self
White Crust Bread,WhiteCrustedBread,1119,artifact,3,active,Default,Item_HitInvincible_Name,White Crust Bread,흰 테두리 빵,GUARDIAN,피격 시 무적 시간 +0.4/0.8/1.2초,"Upon taking damage, gain invincibility for +0.4/0.8/1.2 seconds"
White Eggshell,WhiteEggShell,1118,artifact,2,active,Default,Item_MinHPKill_Name,White Eggshell,하얀 알 껍질,MYSTIC,공격한 대상의 체력이 +4/8/12/16/20% 이하라면 즉시 처치 (보스에게는 발동되지 않음),"If the target’s HP is below +4/8/12/16/20%, they die immediately (does not affect bosses)"
White Paper,WhitePaper,1258,artifact,1,active,Locked,Item_WhitePaper_Name,White Paper,하얀 종이,,"+3/6% 모든 피해 증폭 / 양쪽 칸에 배치된 아티팩트가 동일한 콤보인 경우, 해당 콤보 수치 1 증가",+3/6% Universal Damage Boost / Increase combo count by 1 if artifacts in both adjacent slots have the same combo
White Planet,PlanetaryModels_Ice,1220,artifact,2,active,PocketDimensionShop,Item_Planet_White_Name,White Planet,하얀 행성,PLANET,얼음 탄환을 발사하는 하얀행성 소환 / [피해량: +30/36/42/48/54//60/66/72],Summon White Planet that fires Ice Bullets / [Damage: +30/36/42/48/54//60/66/72]
Wind Sheet Music,TheWIndSheetmusic,1008,artifact,1,active,Default,Item_WindSheetMusic_Name,Wind Sheet Music,악보 '바람',WINDSONG,근접 공격의 범위 +10/20/30/40/50% 증가,+10/20/30/40/50% increase in Melee Attack range
Windgrass Scarf,WindGrassScarf,1011,artifact,0,active,Default,Item_WindgrassScarf_Name,Windgrass Scarf,바람풀 목도리,WINDSONG,대시 공격 피해 +30/80%,Dash Attack Damage +30/80%
Wings,CloudWing,1143,artifact,3,active,Locked,Item_Wings_Name,Wings,날개,WINDSONG,+3/6/9/12/15/18% 공격 속도 / 추가 공격 속도 +25/20/15/9/6/5%당 모든 피해 증폭 1% 증가,+3/6/9/12/15/18% Attack Speed / Additional Attack Speed +25/20/15/9/6/5% increases Universal Damage Boost by 1%
Yakumo Short Blade,GhostSword,1049,artifact,2,active,Locked,Item_DashSword_Name,Yakumo Short Blade,소태도 야쿠모,STURDY,+10/20/30/40/50% 대시 공격 피해 / +4/8/12/16/20% 대시 회복 속도,+10/20/30/40/50% Dash Attack Damage / +4/8/12/16/20% Dash Recovery Speed
Yellow Planet,PlanetaryModels_C,1105,artifact,1,active,Default,Item_Planet_Yellow_Name,Yellow Planet,노란 행성,PLANET,튕기는 물리 탄환을 발사하는 노란행성 소환 / [피해량: +20/26/32/38/45//52/60],Summons a yellow planet that shoots bouncing Physical projectiles / [Damage: +20/26/32/38/45//52/60]
Zap Bug,ZapBug,1238,artifact,2,active,Locked,Item_LightningBug_Name,Zap Bug,찌릿충,MAGITECH,0/1/1/2/2/3 감전 중첩,0/1/1/2/2/3 Electrocution stacks
Zappy Custard Pastry,EletricEclair,1074,artifact,0,active,Default,Item_LightningBread_Name,Zappy Custard Pastry,찌릿 슈크림빵,DARKCLOUD,적 처치 시 33% 확률로 전기 빵이 바닥에 떨어짐. 전기 빵을 먹으면 먹구름 +1/2/3/4/5 획득,33% chance that enemies drop lightning bread upon death. Lightning bread grants Storm Cloud +1/2/3/4/5
