file,sprite,id,kind,tier,upgrades_from,upgrades_to,rarity,status,name_key,name_en,name_ko,effect_ko,effect_en
Absolute Envy,Icon_Dagger_Tier3_D,27,weapon,3,22,,,active,Weapon_0027_Name,Absolute Envy,절대 선망,"3,4,5번째 일반 공격 피해량이 25% 증가하고, 경직 수치가 높아집니다.","The damage of the 3rd, 4th, and 5th Normal Attack is increased by 25%, and the staggering effect is enhanced."
Academy Enchanted Sword,Dagger_MagicMinor,1212,weapon,2,20,1211 1213,,active,Weapon_Dagger_FreeParry_Name,Academy Enchanted Sword,아카데미 마법검,"특수 공격: 패리의 소모 MP가 0이 되고, 특수 공격: 패리 성공 시 MP를 30% 회복합니다.","The Special Attack: Parry MP cost becomes 0, and on a successful Special Attack: Parry recover 30% MP."
Academy Magic Sword - Liberation,Dagger_Mana,1213,weapon,3,1212,,,active,Weapon_Dagger_FreeParry_MP_Name,Academy Magic Sword - Liberation,아카데미 마법검 - 해방,특수 공격: 퓨리가 특수 공격: 해방으로 변경됩니다.,Special Attack: Fury changes to Special Attack: Liberation.
Adamah’s Oath,katana_Magic_MagicBlade,414,weapon,3,412,,,active,Weapon_0414_Name,Adamah’s Oath,아다마흐의 서약,마법 사용 시 적을 향해 날아가 피해를 입히는 ‘마력 도’를 소환합니다. (피해량: 20 + 비어 있는 MP 수치의 70%),Summons a 'Magic Blade' that flies towards the enemy and deals damage when magic is used. (Damage: 20 + 70% of empty MP amount)
Adonis,Icon_Shuriken_Crit,1207,weapon,3,1206,,,active,Weapon_Dagger_Tier3_Throw_Name,Adonis,얼음새꽃,무기 공격으로 입히는 치명타 피해가 30% 증폭됩니다.,The Critical Damage dealt by Weapon Attack is amplified by 30%.
Alpine Edelweiss,Icon_Shuriken_Minor,1206,weapon,2,20,1207 1210,,active,Weapon_Dagger_Tier2_Throw_Name,Alpine Edelweiss,솜다리,무기 공격이 수리검 투척을 사용하는 형태로 변경됩니다.,Weapon Attack is changed to a form that uses Throw Shuriken.
Ancient Hammer,Icon_ShieldSword_Tier3_DragonHammer,1003,weapon,,,,,active,Weapon_DragonHammer_Name,Ancient Hammer,고대 해머,,
Arid Breeze,Icon_Dagger_Tier2_C,23,weapon,2,20,28 29,,active,Weapon_0023_Name,Arid Breeze,건조한 바람,특수 공격: 퓨리의 피해량이 20% 증가합니다.,Damage from Special Attack: Fury increases by 20%.
Armor-Bender,Katana_StoneMinor,423,weapon,2,400,424,,active,Weapon_0423_Name,Armor-Bender,절갑도,일반 공격이 방어력 수치 2당 피해량이 1% 증가합니다.,Damage dealt by Normal Attack increases by 1% for every 2 of Defense.
Ballista Sword,ShieldSword_Lightning_Ballista,1017,weapon,3,1016,,,active,Weapon_LightningSwordAndShield_T3MB_Name,Ballista Sword,발리스타 소드,아티팩트 미니 발리스타의 화살이 벽을 관통하고 적을 향해 유도됩니다. 가드 성공 시 즉시 화살을 발사합니다.,Artifact Mini Ballista's arrow pierces walls and homes in on enemies. Fires an arrow immediately on successful Block.
Beast Marks Sword 'Hou',katana_Sheath_Range,403,weapon,3,401,,,active,Weapon_0403_Name,Beast Marks Sword 'Hou',괵도 '호우',"특수 공격: 강베기의 기본 공격 속도가 24% 느려지지만 원거리의 적을 타격하고, 회피 2당 피해량이 1% 증가합니다.","Special Attack: Heavy Slash's base Attack Speed is reduced by 24%, but it can hit distant enemies. Damage increases by 1% for every 2 Evasion."
Beyond the Threshold,Icon_Dagger_Tier2_B,22,weapon,2,20,26 27,,active,Weapon_0022_Name,Beyond the Threshold,문지방 넘기,"대시 공격 시, 10초간 일반 공격 피해 +20%, 대시 공격 피해 +30% 버프를 획득합니다. 특수 공격: 퓨리가 비활성화됩니다.","Upon Dash attack, gain a buff for 10 seconds: Normal Attack damage +20% and Dash attack damage +30%. Disables Special Attack: Fury."
Black Iron Halberd,Icon_BlackHalberd,1111,weapon,3,11,,,active,WeaponGreatsword_Halberd_Black_Name,Black Iron Halberd,흑철 할버드,"특수 공격: 소용돌이 범위가 넓어집니다. 외곽에 피해를 줄 시 추가 50%의 피해를 가하고, 외곽 피해의 0.7%만큼 HP를 회복합니다.","Special Attack: Whirlwind range is increased. Deal 50% additional damage when hitting the outer area, and recover HP equal to 0.7% of outer-area damage."
Blade,katana_Tier1,400,weapon,1,,401 404 406 409 412 416 419 423,,active,Weapon_0400_Name,Blade,도,,
Blazing Helbanus,katana_Fire_Burn,407,weapon,3,406,,,active,Weapon_0407_Name,Blazing Helbanus,들끓는 헬바누스,"화상 중첩이 2 증가하고, 화염속성 피해가 4 증가합니다.","Burn stacks increases by 2, and Fire Damage increases by 4."
Blizzard’s Eve,Icon_ShieldSword_Tier3_Hammer_Ice,1015,weapon,3,1013,,,active,Weapon_Hammer_Ice_Name,Blizzard’s Eve,눈보라의 전야,대시 횟수를 소모할 시 아티팩트 눈보라 망치를 60%의 피해량으로 즉시 발동합니다.,"When Dash Count is consumed, instantly activate the Artifact Blizzard Hammer with 60% damage."
Bone Gearblade,Icon_GreatSword_Skel_Minor,1102,weapon,2,10,1103,,active,WeaponGreatsword_Bone_Name,Bone Gearblade,뼈 장치검,특수 공격: 소용돌이가 특수 공격: 재조립으로 변경됩니다.,Special Attack: Whirlwind is changed to Special Attack: Reassemble.
Bounty Hunter,Crossbow_Revolver,125,weapon,3,101,,,active,Weapon_125_Name,Bounty Hunter,현상금 사냥꾼,"탄창이 6발로 고정되고, 대시 시 즉시 재장전합니다. / 대시 공격이 비활성화되고, 대시 횟수 1당 피해량이 7% 증가합니다.","The magazine is fixed at 6 rounds and reloads instantly when using Dash. / Dash attack is disabled, and damage increases by 7% for every point of Dash Count."
Breakplate Blade,Katana_Stone,424,weapon,3,423,,,active,Weapon_0424_Name,Breakplate Blade,파갑도,납도하지 않는 동안 0.8초마다 경화 1스택을 얻습니다.,"While not Sheath, gain 1 stack of Hardening every 0.8 seconds."
Breath of Ice,Icon_ShieldStaff_Ice,1009,weapon,3,1004,,,active,Weapon_IceWand_Name,Breath of Ice,얼음의 숨결,무기 공격이 얼음속성 피해 기반으로 변경됩니다. 대시 공격의 피해량이 40% 증가합니다.,Weapon Attack is changed to be based on Cold Damage. Dash attack damage is increased by 40%.
Burning Fang,Icon_Dagger_FireBurn,1202,weapon,,,,,active,Weapon_FireDaggerBurn_Name,Burning Fang,타오르는 이빨,,
Carrot Sword,Icon_ShieldSword_Carrot_Minor,1000,weapon,2,0,1001 1019,,active,Weapon_CarrotSword_Name,Carrot Sword,당근 검,모든 속성 피해가 3씩 증가합니다.,Increases all elemental damage by 3.
Carrotcalibur,Icon_ShieldSword_Carrot,1001,weapon,3,1000,,,active,Weapon_Carrotcalibur_Name,Carrotcalibur,당근칼리버,"일반 공격이 일반 공격: 당근 검법으로 변경되고, 추가 공격 속도의 효율이 20% 상승합니다.","Normal Attack changes to Normal Attack: Carrot Sword Technique, and the efficiency of additional Attack Speed is increased by 20%."
Colossal Crossbow,Crossbow_Tier1,100,weapon,1,,101 104 106 108 110 112 119 122,,active,Weapon_0100_Name,Colossal Crossbow,대형 석궁,,
Colossal Crossbow - Acceleration Core,Crossbow_Auto,102,weapon,3,101,,,active,Weapon_0102_Name,Colossal Crossbow: Acceleration Core,대형 석궁: 가속 코어,"공격할수록 공격 속도가 쌓이며, 최대 +60%까지 기존 공격 속도에 더해집니다.","As you attack, Attack Speed stacks up, adding up to +60% to your base Attack Speed."
Colossal Crossbow - Cloud Gatherer,Crossbow_DarkCloud,115,weapon,3,110,,,active,Weapon_0115_Name,Colossal Crossbow: Cloud Gatherer,대형 석궁: 구름 포집기,'번개 화살'이 적에게 적중하면 먹구름 수치를 3개 획득합니다.,"When the 'Lightning Arrow' hits an enemy, you gain 3 Storm Cloud points."
Colossal Crossbow - Dual Rails,Crossbow_PowerShot,107,weapon,,,,,active,Weapon_0107_Name,Colossal Crossbow: Dual Rails,대형 석궁: 이중 레일,,
Colossal Crossbow - Enhanced Special Bolts,Crossbow_PowerShotMinor,106,weapon,2,100,117,,active,Weapon_0106_Name,Colossal Crossbow: Enhanced Special Bolts,대형 석궁: 특수 볼트 강화,"특수 공격: 강화 화살의 공격 범위가 더 넓어지고, 피해량이 30% 증가합니다.","The attack range of Special Attack: Power Arrow is increased, and damage is increased by 30%."
Colossal Crossbow - Equipped with Guidance Module,Crossbow_Mine,109,weapon,3,108,,,active,Weapon_0109_Name,Colossal Crossbow: Equipped with Guidance Module,대형 석궁: 유도 모듈 장착,"특수 공격의 비용이 3으로 감소하고, 추가 MP 1당 피해량이 0.9% 증가합니다. 특수 공격이 주변 적을 추적합니다.","The cost of Special Attack is reduced to 3, and damage increases by 0.9% per Additional MP. Special Attack tracks nearby enemies."
Colossal Crossbow - Expansion Device,Crossbow_Ice_Power,114,weapon,3,112,,,active,Weapon_0114_Name,Colossal Crossbow: Expansion Device,대형 석궁: 팽창 장치,서리 장막이 지속되는 동안 적들을 관통하는 동상탄환을 발사합니다. / [탄창 용량이 5발로 고정됨],Fires Frostbite projectiles that penetrate enemies while Frost Veil is active. / [Magazine Capacity is fixed at 5 rounds]
Colossal Crossbow - Explosive Device,Crossbow_SG,116,weapon,3,104,,,active,Weapon_0116_Name,Colossal Crossbow: Explosive Device,대형 석궁: 폭발 장치,일반 공격의 피해량이 10% 증가합니다.,Damage from Normal Attack is increased by 10%.
Colossal Crossbow - Fire Mine,Crossbow_MineMinor,108,weapon,2,100,109 118 124,,active,Weapon_0108_Name,Colossal Crossbow: Fire Mine,대형 석궁: 불꽃 지뢰,"무기 공격의 피해량이 20% 감소하지만, 화염속성 피해 기반으로 변경됩니다.","Damage dealt by Weapon Attack is reduced by 20%, but it is changed to Fire Damage."
Colossal Crossbow - Frost Veil,Crossbow_IceMinor,112,weapon,2,100,113 114,,active,Weapon_0112_Name,Colossal Crossbow: Frost Veil,대형 석궁: 서리 장막,특수 공격이 '서리 장막'으로 변경됩니다.,Special Attack is replaced with 'Frost Veil'.
Colossal Crossbow - Gunpowder Synthesis,Crossbow_SGRed,105,weapon,3,104,,,active,Weapon_0105_Name,Colossal Crossbow: Gunpowder Synthesis,대형 석궁: 화약초 연성,"무기 공격의 치명타 확률이 35% 증가하고, 공격이 치명타로 적중하면 탄환이 1개 충전됩니다.",Increase Critical Chance of Weapon Attack by 35% and recharge 1 bullets if the attack hits critically.
Colossal Crossbow - Mark Stabilization,Crossbow_Lightning,111,weapon,3,110,,,active,Weapon_0111_Name,Colossal Crossbow: Mark Stabilization,대형 석궁: 표식 안정화,'번개 화살' 적중 시 대상에게 감전 디버프를 부여합니다. 감전 피해가 25% 증가합니다.,Applies Electrocution debuff on hit with 'Lightning Arrow'. Electrocution damage increased by 25%.
Colossal Crossbow - Rapid Freeze Crystal,Crossbow_Ice_Ammo,113,weapon,3,112,,,active,Weapon_0113_Name,Colossal Crossbow: Rapid Freeze Crystal,대형 석궁: 급랭 결정,얼음 무구의 피해량이 20% 증가합니다.,Frost Relic damage increases by 20%.
Colossal Crossbow - Reload Device,Crossbow_Tier2,101,weapon,2,100,102 103 125,,active,Weapon_0101_Name,Colossal Crossbow: Reload Device,대형 석궁: 재장전 장치,일반 공격의 피해량이 45% 감소합니다 특수 공격이 '고급 재장전'으로 변경됩니다.,Normal Attack damage is reduced by 45% Special Attack is changed to 'Advanced Reload'.
Colossal Crossbow - Scattershot Shooter,Crossbow_SGMinor,104,weapon,2,100,105 116 127,,active,Weapon_0104_Name,Colossal Crossbow: Scattershot Shooter,대형 석궁: 산탄 격발기,"일반 공격이 일반 공격: 화약탄으로 변경되고, 피해량이 80% 증가합니다.","Normal Attack is changed to Normal Attack: Blast Shot, and damage is increased by 80%."
Colossal Crossbow - Unstable Lightning Mark,Crossbow_LightningMinor,110,weapon,2,100,111 115 126,,active,Weapon_0110_Name,Colossal Crossbow: Unstable Lightning Mark,대형 석궁: 불안정한 번개 표식,일반 공격 시 40% 확률로 '번개 화살'을 발사합니다.,"When using Normal Attack, has a 40% chance to fire 'Lightning Arrow'."
Compliance,Icon_GreatSword_Tier3_F,19,weapon,,,,,active,Weapon_0019_Name,Compliance,순종하는 자세,,
Conductor,ShieldSword_Lightning_Minor,1016,weapon,2,0,1017 1018 1028,,active,Weapon_LightningSwordAndShield_Name,Conductor,전도체,번개속성 피해가 5 증가합니다.,Lightning Damage increases by 5.
Creaking Spine,Icon_GreatSword_Skel,1103,weapon,3,1102,,,active,WeaponGreatsword_Bone2_Name,Creaking Spine,삐걱이는 척추,"'특수 공격: 재조립' 공격의 범위가 상승하며, 공격 속도가 최대 35%까지 점점 빨라집니다. (공격을 멈추면 초기화)","'Special Attack: Reassemble' attack's range increases, and Attack Speed gradually increases up to 35%. (Resets when you stop attacking)"
Creeping Despair,Icon_Dagger_Tier3_E,28,weapon,3,23,,,active,Weapon_0028_Name,Creeping Despair,기어 오는 절망,특수 공격: 퓨리의 피해량이 10% 추가로 증가합니다. / 특수 공격: 패리 성공 시 몰입이 2회 충전됩니다.,Damage of Special Attack: Fury increases by an additional 10%. / Successfully executing Special Attack: Parry will recharge Trance twice.
Crimson Thorn,Icon_GreatSword_Red_Minor,1107,weapon,2,10,1108 1115,,active,WeaponGreatsword_Red_Tier2_Name,Crimson Thorn,심홍의 가시,대상을 공격하여 상처 악화 디버프를 부여합니다.,Attacks the target and inflicts Wound.
Crimson Vortex,Icon_GreatSword_Red,1108,weapon,3,1107,,,active,WeaponGreatsword_Red_Tier3_Name,Crimson Vortex,심홍의 소용돌이,"일반 공격, 대시 공격이 3연타로 변경됩니다. 각 타격의 피해량이 기존 피해량의 40%로 조정됩니다. 상처 악화의 최대 중첩이 6 증가합니다.",Changes Normal Attack and Dash attack to 3-hit combos. The damage of each hit is adjusted to 40% of the original damage. The maximum stacks of Wound increase by 6.
Crossbow - Twin,Icon_LittleCrossbow,103,weapon,3,101,,,active,Weapon_0103_Name,Crossbow: Twin,석궁: 쌍둥이,"일반 공격은 두 발의 투사체를 발사하며, 공격 도중 조금 더 자유롭게 이동할 수 있습니다. 이동 속도 증가량만큼 발사 속도가 빨라집니다.",Normal Attack fires two projectiles and allows slightly more freedom of movement during the attack. Fire rate increases by the amount of Move Speed increase.
Dagger,Icon_Dagger_Tier1,20,weapon,1,,22 23 1200 1203 1206 1208 1212 1215,,active,Weapon_0020_Name,Dagger,단검,,
Dark Veil,Icon_Shuriken_Partner,1210,weapon,3,1206,,,active,Weapon_Dagger_Tier3_ThrowComp_Name,Dark Veil,흑막,"무기 공격 시, 지배 버프를 획득합니다.",Gain Dominate buff when using Weapon Attack
Default Sword and Shield,Icon_ShieldSword_Tier1,0,weapon,1,,1 2 3 1000 1004 1006 1013 1016 1024,,active,Weapon_0000_Name,Default Sword and Shield,표준 검과 방패,,
Destroyer,RedGreatClub,1116,weapon,,,,,active,WeaponGreatsword_RedClub_Name,Destroyer,파괴자,,
Distant Starlight,Staff_Special,509,weapon,2,500,510,,active,Weapon_0509_Name,Distant Starlight,먼 곳의 별빛,"특수 공격: 되받아치기의 피해량이 20% 증가합니다. 최대 MP가 100 이상인 경우, 특수 공격: 되받아치기 사용 중 모든 방향을 가드합니다.","Increase the damage of Special Attack: Riposte by 20%. If Max MP is at least 100, Block in all directions while using Special Attack: Riposte."
Divine Iron Staff,Staff_Extend,505,weapon,2,500,506 507,,active,Weapon_0505_Name,Divine Iron Staff,신진철곤,"무기 공격 시, 봉 늘리기 버프를 획득합니다.",Gain Extend Staff buff on Weapon Attack.
Dormant Frost,Dagger_IceMinor,1215,weapon,2,20,1216 1217,,active,Weapon_1215_Name,Dormant Frost,잠든 서리,"무기 공격의 피해량이 20% 감소하지만, 얼음속성 피해 기반으로 변경됩니다.","Damage dealt by Weapon Attack is reduced by 20%, but it is changed to Cold Damage."
Drifting Ash,Icon_ShieldSword_Tier3_C,6,weapon,3,2,,,active,Weapon_0006_Name,Drifting Ash,재의 휘날림,대시 공격 피해가 60% 증가합니다. 대시 경로의 적에게 대시 공격의 50% 피해를 입힙니다. (대시 횟수 소모 시 2배 피해),Dash Attack Damage increases by 60%. Deals 50% of Dash attack damage to enemies along the dash path. (Deals double damage when Dash Count is consumed.)
Drífa,Dagger_IceScythe,1217,weapon,3,1215,,,active,Weapon_1217_Name,Drífa,드리파,"아티팩트 눈보라 망치가 ‘눈보라 낫’으로 변경됩니다. 피해량이 50% 감소하지만, 조준 지점으로 날아가 적들을 지속 타격합니다.","Artifact Blizzard Hammer is changed to “Blizzard Scythe.” Damage is reduced by 50%, but it flies to the targeted location and continuously strikes enemies."
Eternal Frost Greatsword,Icon_GreatSword_Ice,1105,weapon,3,1104,,,active,WeaponGreatsword_Ice2_Name,Eternal Frost Greatsword,만년한검,"추가로 주는 얼음속성 피해가 30%에서 55%로 증가합니다. / 일반 공격 범위가 증가하고, 기본 콤보가 15% 더 빨라집니다. (전체 시간 기준)","Additional Cold Damage increases from 30% to 55%. / Normal Attack range increases, and basic combo becomes 15% faster (based on total time)."
Excallion,ShieldSword_GreenOnion,1019,weapon,3,1000,,,active,Weapon_GreenOnionSword_Name,Excallion,파 뿌리 검,"모든 속성 피해가 2씩 증가하고, 마법서 피해량이 15% 증가합니다.","Increases all elemental damage by 2, and Grimoire Damage is increased by 15%."
Famed Sword 'Muramasa',katana_Sheath_Speed,402,weapon,3,401,,,active,Weapon_0402_Name,Famed Sword 'Muramasa',명도 '무라마사',"상시 납도 상태가 되고, 특수 공격: 강베기가 특수 공격: 신속 베기로 변경됩니다. 공격 속도의 효율이 80% 증가합니다.","Always remains in Sheath state, and Special Attack: Heavy Slash changes to Special Attack: Swift Slash. The efficiency of Attack Speed is increased by 80%."
Fiaola’s Judgment Staff,Staff_Fire_Tier3Burn,518,weapon,3,517,,,active,Weapon_0518_Name,Fiaola’s Judgment Staff,피아올라 의사봉,"화상 부여 시 불의 고리를 만들어 10초간 5타일 내 적들을 공격합니다. (피해량: 0.5초당 화염속성 피해 40%, 화상 피해량에 따라 피해량이 증가)","On applying Burn, creates Ring of Fire and attacks enemies within 5 tiles for 10 seconds. (Damage: Fire Damage 40% per 0.5 seconds, damage increases with Burn Damage)"
Fire Dagger,Icon_Dagger_FireMinor,1200,weapon,2,20,1201 1214,,active,Weapon_FireDagger_Name,Fire Dagger,불꽃 단검,무기 공격 시 자신의 화염속성 피해의 25%만큼 추가 피해를 가합니다.,"When performing a Weapon Attack, deal additional damage to the target equal to 25% of Fire Damage."
Flame Eater - Haetae,ShieldSword_FireHammer,1026,weapon,3,1024,,,active,Weapon_Haetae_Name,Flame Eater: Haetae,불먹는 해태,특수 공격: 휩쓸기가 일반 공격: 화염 강타로 변경됩니다.,Special Attack: Cleave changes to Normal Attack: Flame Strike
Flashing Rapier,Icon_Rapier_Tier3_ALong,1007,weapon,3,1006,,,active,Weapon_RapierWide_Name,Flashing Rapier,섬광의 레이피어,찌르기 범위가 더 길어집니다. 공격 속도가 20% 증가합니다.,Extends thrusting range. Increases Attack Speed by 20%.
Flourish Staff,Staff_Rolling,501,weapon,2,500,502 503,,active,Weapon_0501_Name,Flourish Staff,화곤봉,일반 공격이 일반 공격: 화곤으로 변경됩니다.,Normal Attack changes to Normal Attack: Flower Staff
Formless Dance,StaffThrow_Evade,531,weapon,3,529,,,active,Weapon_0531_Name,Formless Dance,무형의 춤,"일반 공격이 적을 유도하고, 일정 확률로 두 번 발사됩니다. (회피 1당 1% 증가)",Normal Attack lures enemies and has a chance to fire twice. (Increases by 1% per 1 Evasion)
Fragment of Nastrond,katana_Ice_IceSpear,421,weapon,3,419,,,active,Weapon_0421_Name,Fragment of Nastrond,나스트론드의 조각,태클 직후 공격 시 얼음 무구: 스카디를 발동합니다.,"After a Tackle action, it activates Frost Relic: Skaði when attacking."
Frost Shard,Icon_ShieldSword_MinorIce,1013,weapon,2,0,1014 1015 1029,,active,Weapon_Ice2_Name,Frost Shard,서릿빛 조각,얼음속성 피해가 5 증가합니다.,Cold Damage increases by 5.
Frostbound Greatsword,Icon_GreatSword_Ice_Minor,1104,weapon,2,10,1105 1106 1114,,active,WeaponGreatsword_Ice_Name,Frostbound Greatsword,한기가 서린 대검,무기 공격 시 자신의 얼음속성 피해의 30%만큼 추가 피해를 가합니다.,"When performing a Weapon Attack, deal additional damage to the target equal to 30% of Cold Damage."
Frozen Fury,Icon_ShieldSword_Tier3_B,5,weapon,3,1,,,active,Weapon_0005_Name,Frozen Fury,차가운 분노,퍼펙트 가드 성공 시 14초간 모든 피해 증폭이 20% 증가합니다.,"On Perfect guard success, Universal Damage Boost increases by 20% for 14 seconds."
Frozen Smelt,Dagger_IceFish,1216,weapon,3,1215,,,active,Weapon_1216_Name,Frozen Smelt,냉동 빙어,"얼음속성 피해가 5 증가하고, 특수 공격 적중 시 동상을 2회 부여합니다.","Cold Damage increases by 5, and on hit with Special Attack, applies Frostbite 2 times."
Fuarsca Spear,Staff_Spear_Tier3Dash,515,weapon,3,513,,,active,Weapon_0515_Name,Fuarsca Spear,돌격창 푸아르스카,대시 공격: 창격 시전 시 가드가 부여되고 직전에 사용한 대시 1당 피해량이 30% 증가합니다. (최대 6회),"Block granted when casting Dash attack: Spear Attack, and damage increases by 30% for each Dash used previously. (Up to 6 times)"
Gaze of Flames,Icon_ShieldStaff_Fire,1008,weapon,3,1004,,,active,Weapon_FireWand_Name,Gaze of Flames,화염의 시선,무기 공격이 화염속성 피해 기반으로 변경됩니다. 일반 공격의 피해량이 20% 증가합니다.,Weapon Attack changes to be based on Fire Damage. Normal Attack damage increases by 20%.
Georoid Spear,Staff_Spear,513,weapon,2,500,514 515,,active,Weapon_0513_Name,Georoid Spear,돌격창 기오로이드,일반 공격: 창격과 대시 공격: 창격을 사용할 수 있습니다.,You can use Normal Attack: Spear Thrust and Dash attack: Spear Attack.
Giant Construction Hammer,Icon_BuildHammer,5000,weapon,,,,,active,Weapon_5000_Name,Giant Construction Hammer,건설용 거대 망치,,
Glacial Blade,Icon_ShieldSword_Ice,1014,weapon,3,1013,,,active,Weapon_Ice3_Name,Glacial Blade,빙하의 칼날,"아티팩트 축사의 검집의 투사체가 작아지지만, 50% 빨리 충전됩니다.","Artifact Scabbard of Exorcism's projectile becomes smaller, but charges 50% faster."
Greatsword of Exorcism,GreatSword_Ice_Scabard,1114,weapon,3,1104,,,active,WeaponGreatsword_IceExo_Name,Greatsword of Exorcism,축사의 대검,"아티팩트 축사의 검집으로 주는 피해가 33% 증가하고, 15% 빨리 충전됩니다.",Increase damage dealt by Artifact Scabbard of Exorcism by 33% and charge 15% faster.
Grip of Fear,Icon_ShieldSword_Tier3_F,9,weapon,3,3,,,active,Weapon_0009_Name,Grip of Fear,조여오는 공포,3초마다 '공포 고조'를 1스택 획득합니다. (최대 10스택) / 공격 속도에 비례하여 스택 획득 속도가 증가합니다.,"Every 3 seconds, gain 1 stack of 'Rising Dread'. (Max 10 stacks) / Stack gain rate increases in proportion to Attack Speed."
Guardian’s Return,Icon_ShieldSword_Tier3_E,8,weapon,,,,,active,Weapon_0008_Name,Guardian’s Return,회귀하는 수호,,
Harsh Trial,Icon_Dagger_Tier3_F,29,weapon,3,23,,,active,Weapon_0029_Name,Harsh Trial,어려운 실험,더 이상 특수 공격: 패리를 사용할 수 없지만 무기 공격 시 30% 확률로 몰입을 획득합니다. (몰입은 4회까지 충전 가능),"You can no longer use Special Attack: Parry, but have a 30% chance to gain Trance when using Weapon Attack. (Trance can be charged up to 4 times)"
Heart of the Nebula,Staff_Special_Tier3Rush,511,weapon,,,,,active,Weapon_0511_Name,Heart of the Nebula,성운의 심장,,
Heated Blade,Icon_Dagger_Fire,1201,weapon,3,1200,,,active,Weapon_FireDagger2_Name,Heated Blade,달궈진 칼날,특수 공격: 패리가 특수 공격: 단검 투척으로 변경됩니다.,Special Attack: Parry is replaced with Special Attack: Throw Dagger.
Heidi,katana_Fire_Dash,408,weapon,3,406,,,active,Weapon_0408_Name,Heidi,하이디,"대시 횟수 소모 시 '오버히트' 스택을 획득합니다. (기본 1, 납도 시 3 획득, 최대 9회) 일반 공격 시 스택을 소모합니다.","When consuming Dash Count, gain 'Overheat' stacks. (1 by default, gain 3 when using Sheath, up to 9 times) Consumes stacks when using Normal Attack."
Helbanus,katana_Fire_Tier2,406,weapon,2,400,407 408 422,,active,Weapon_0406_Name,Helbanus,헬바누스,무기 공격 시 자신의 화염속성 피해의 30%만큼 추가 피해를 가합니다.,"When performing a Weapon Attack, deal additional damage to the target equal to 30% of Fire Damage."
Hoe,Hoe,5002,weapon,,,,,active,Weapon_5002_Name,Hoe,괭이,,
Homi,Homi,5001,weapon,,,,,active,Weapon_5001_Name,Homi,호미,,
Hypersensitivity,Icon_GreatSword_Tier2_A,11,weapon,2,10,14 15 1111,,active,Weapon_0011_Name,Hypersensitivity,과민성,"특수 공격: 소용돌이의 피해량이 20%, 충전 속도가 50% 증가합니다.",Damage from Special Attack: Whirlwind increases by 20% and its charge speed increases by 50%.
Icicle Sword,Icon_GreatSword_Ice_Freeze,1106,weapon,3,1104,,,active,WeaponGreatsword_Ice2_Freeze_Name,Icicle Sword,고드름 검,무기 공격 시 80%의 확률로 동상을 부여합니다. 빙결의 피해량이 20% 증가합니다.,Weapon Attack has a 80% chance to inflict Frostbite. Increases Freeze damage by 20%.
Ilonica's Spirit Staff,Staff_Rolling_Tier3Bolt,503,weapon,3,501,,,active,Weapon_0503_Name,Ilonica's Spirit Staff,정령융합봉 일로니카,모든 마법서 직접 시전이 불가능해집니다. 일반 공격: 화곤이 마법서: 볼트 난사로 변경됩니다.,Cannot directly cast any Grimoire. Normal Attack: Flower Staff changes to Grimoire: Bolt Barrage.
Incendium,ShieldSword_FireMinor,1024,weapon,2,0,1025 1026,,active,Weapon_Incendium_Name,Incendium,인센디움,"무기 공격의 피해량이 15% 감소하지만, 화염속성 피해 기반으로 변경됩니다.","Damage dealt by Weapon Attack is reduced by 15%, but it is changed to Fire Damage."
Indomitable,Icon_ShieldSword_Tier3_D,7,weapon,3,2,,,active,Weapon_0007_Name,Indomitable,무고원,"일반 공격 피해가 33% 증가하지만, 더 이상 특수 공격: 휩쓸기를 사용할 수 없습니다.","Increases Normal Attack Damage by 33%, but Special Attack: Cleave can no longer be used."
Jade Vestige,Dagger_EvadeT2,1208,weapon,2,20,1209,,active,Weapon_1208_Name,Jade Vestige,옥빛 잔영,"더 이상 특수 공격: 패리를 사용할 수 없지만, 2.8초마다 몰입을 획득합니다. (회피 1당 충전 속도 1% 증가, 최대 33%)","You can no longer use Special Attack: Parry, but gain Trance every 2.8 seconds. (1% increased charge rate per Evasion, up to 33%)"
Javelin,StaffThrow_Tier2,529,weapon,2,500,530 531 532,,active,Weapon_0529_Name,Javelin,투창,"일반 공격이 일반 공격: 투창으로 변경되고, 무기 피해량이 10 증가합니다.","Normal Attack changes to Normal Attack: Throwing Spear, and Weapon Damage increases by 10."
Kagumede,Crossbow_PoisonMinor,119,weapon,2,100,120 121,,active,Weapon_0119_Name,Kagumede,카구메데,대상을 공격하여 중독 디버프를 부여합니다.,Attacks the target and inflicts Poison.
Kalim's Form,Crossbow_PoisonJelly,120,weapon,3,119,,,active,Weapon_0120_Name,Kalim's Form,카림의 형상,"헤이타의 영혼 가루, 테로의 영혼 가루, 아마드의 영혼 가루가 두 번 공격하고, 주는 피해량이 25% 증가합니다.","Heita’s Spirit Powder, Tero’s Spirit Powder, Ahmad’s Spirit Powder attack twice and deal 25% more damage."
Lazarion,GreatSword_Laser_Amethyst,1120,weapon,3,17,,,active,WeaponGreatsword_PurpleCompanion_Name,Lazarion,라자리온,특수 공격: 소용돌이가 특수 공격: 자수정 소환으로 변경됩니다.,Special Attack: Whirlwind is changed to Special Attack: Amethyst Conjuration.
Legacy of the Illusionist,GreatSword_Laser,1117,weapon,3,17,,,active,WeaponGreatsword_PurpleCooldown_Name,Legacy of the Illusionist,환영술사의 유산,마법서 가속이 50% 증가합니다.,Grimoire Haste increases by 50%.
Library Spectral Sealing Society Mark I,katana_Dash_Tier2,416,weapon,2,400,417,,active,Weapon_0416_Name,Library Spectral Sealing Society Mark I,도서관 혼령봉인연구회 제1형,"대시 공격 피해가 40% 증가하고, 대시 횟수 소모 시 혼령이 근처 적에게 대시 공격을 2회 수행합니다. (재사용 대기시간 2.5초)","Dash Attack Damage increases by 40%, and when Dash Count is consumed, a spirit performs Dash attack on nearby enemies twice. (Cooldown: 2.5 seconds)"
Library Spectral Sealing Society Mark II,katana_Dash_Parry,417,weapon,3,416,,,active,Weapon_0417_Name,Library Spectral Sealing Society Mark II,도서관 혼령봉인연구회 제2형,"혼령의 대시 공격 재사용 대기시간이 1초로 변경되며, 대시 횟수 1당 10%씩 감소합니다. / 납도 무적 판정 시간이 50% 증가하며, 공격을 막아낼 경우 혼령이 대시 공격을 대시 횟수만큼 수행합니다.","The cooldown of the spirit's Dash attack is changed to 1 second and is reduced by 10% for each Dash Count. / The invincibility duration of Sheath is increased by 50%, and if an attack is blocked, the spirit performs the Dash attack equal to Dash Count."
Lightless Blade,Icon_Dagger_Tier3_C,26,weapon,3,22,,,active,Weapon_0026_Name,Lightless Blade,빛 없는 칼날,대시 소모 시 대시 공격이 대시 공격: 검상 감옥으로 변경됩니다.,"When Dash is used, Dash attack changes to Dash Attack: Blade Prison"
Lightning Dagger,Icon_Dagger_MinorLightning,1203,weapon,2,20,1204 1205,,active,Weapon_Lightning_Name,Lightning Dagger,번개 단검,무기 공격 시 자신의 번개속성 피해의 25%만큼 추가 피해를 가합니다.,"When performing a Weapon Attack, deal additional damage to the target equal to 25% of Lightning Damage."
Lightning Flash,katana_Lightning_DarkCloud,405,weapon,3,404,,,active,Weapon_0405_Name,Lightning Flash,전광일각,감전으로 피해를 입힐 시 '축전' 1스택을 얻습니다. (최대 10) / 특수 공격: 강베기 시 '축전'을 2스택 소모하여 특수 공격: 일섬을 시전합니다.,Gain 1 stack of 'Electric Charge' when dealing damage with Electrocution. (Max 10) / Consume 2 stacks of 'Electric Charge' to perform Special Attack: Issen upon Special Attack: Heavy Slash.
Lightning Greatsword E2G,GreatSword_LightBladeMinor,1112,weapon,2,10,1109 1113,,active,WeaponGreatsword_Lightning_Name,"Lightning Greatsword ""E2G""","전격 대검 ""E2G""",무기 공격 시 자신의 번개속성 피해의 30%만큼 추가 피해를 가합니다.,"When performing a Weapon Attack, deal additional damage to the target equal to 30% of Lightning Damage."
Lightning Greatsword E3G,GreatSword_LightBlade,1109,weapon,3,1112,,,active,WeaponGreatsword_LightningT3_Name,"Lightning Greatsword ""E3G""","전격 대검 ""E3G""",5회 공격마다 먹구름 수치를 5개 획득합니다. 특수 공격: 소용돌이 사용 시 먹구름의 소모 속도가 10초간 100% 증가하는 버프를 획득합니다. (최대 5 스택),"Every 5 attacks, gain 5 Storm Cloud stacks. When using Special Attack: Whirlwind, gain a buff that increases Consumption Speed of Storm Cloud by 100% for 10 seconds. (Max 5 stacks)"
Lightning Greatsword S3G,GreatSword_LightBlade2,1113,weapon,3,1112,,,active,WeaponGreatsword_LightningT3Shock_Name,"Lightning Greatsword ""S3G""","전격 대검 ""S3G""","무기 공격 시, 대상에게 감전을 부여합니다. 감전 피해량이 33% 증가합니다.","When Weapon Attack, inflict Electrocution on the target. Electrocution extra damage increases by 33%."
Lightning’s Wrath,Icon_Dagger_Lightning1,1205,weapon,3,1203,,,active,Weapon_Lightning3_Name,Lightning’s Wrath,번개의 분노,무기 공격 시 70% 확률로 감전 디버프를 부여합니다. 감전 중첩이 1 증가합니다.,"When using Weapon Attack, there's a 70% chance to apply an Electrocution debuff. Electrocution stacks increases by 1."
Long Blade 'Onohara',katana_Sheath_Tier2,401,weapon,2,400,402 403,,active,Weapon_0401_Name,Long Blade 'Onohara',태도 '오노하라',특수 공격: 강베기가 공격 속도의 영향을 받습니다. 공격 속도가 15% 증가합니다.,Special Attack: Heavy Slash is affected by Attack Speed. Attack Speed increases by 15%.
Loving Gaze,Icon_GreatSword_Tier3_B,15,weapon,3,11,,,active,Weapon_0015_Name,Loving Gaze,사랑의 시선,"특수 공격: 소용돌이의 치명타 확률이 100% 증가하고, 특수 공격 속도가 50% 빨라집니다.",Increases Critical Chance of Special Attack: Whirlwind by 100% and Special Attack Speed by 50%.
M-9199,Crossbow_Pierce,122,weapon,2,100,123,,active,Weapon_0122_Name,M-9199,M-9199,"일반 공격이 적을 관통하고, 피해량이 15% 증가합니다. 특수 공격이 ‘특수 공격: 탄환 응축’으로 변경됩니다.",Normal Attack Pierces enemies and increases damage by 15%. Special Attack is changed to ‘Special Attack: Ammo Compression’.
Magic Wand,Icon_ShieldStaff_Basic,1004,weapon,2,0,1008 1009 1010,,active,Weapon_MagicalWand_Name,Magic Wand,매직 완드,무기 공격이 매직 미사일을 사용하는 형태로 변경됩니다.,Weapon Attack is changed to a form that uses Magic Missile.
Malaspina,Staff_Ice_Tier3Freeze,523,weapon,3,521,,,active,Weapon_0523_Name,Malaspina,말라스피나,무기 공격 시 30% 확률로 동상을 부여합니다. 얼음속성 피해가 5 증가합니다.,"When Weapon Attack, 30% chance to apply Frostbite. Cold Damage increases by 5."
Mini Cannon,Crossbow_Grenade,118,weapon,3,108,,,active,Weapon_0118_Name,Mini Cannon,미니 캐논,"일반 공격이 유탄 발사로 변경됩니다. 발사 속도가 공격 속도에 영향을 받지 않지만, 추가 공격 속도당 피해량과 범위가 1% 증가합니다.","Fire a Grenade Launch with Normal Attack. Its firing speed is not affected by Attack Speed, but its damage and area increase by 1% for each additional Attack Speed."
Minigun,Crossbow_Minigun,126,weapon,3,110,,,active,Weapon_126_Name,Minigun,미니건,번개 화살 발사 확률이 10% 증가합니다. 특수 공격이 특수 공격: 포화로 변경됩니다.,Lightning Arrow firing chance increases by 10%. Special Attack changes to Special Attack: Barrage.
Minimalism,Icon_GreatSword_Tier2_C,13,weapon,,,,,active,Weapon_0013_Name,Minimalism,최소주의,,
Mischievous Prank,DoKkaeVi,1119,weapon,3,1100,,,active,WeaponGreatsword_ClubAdvanced_Name,Mischievous Prank,짓궂은 장난,특수 공격이 특수 공격: 잎 폭발로 변경됩니다. 특수 공격 피해에 일반 공격 피해가 합산됩니다.,Special Attack changes to Special Attack: Leaf Explosion. Adds Normal Attack Damage to Special Attack damage.
Mysterious Twig,WeaponTree,9999,weapon,,,,,active,Weapon_9999_Name,Mysterious Twig,신비한 나뭇가지,,
Negligence,Icon_GreatSword_Tier3_A,14,weapon,3,11,,,active,Weapon_0014_Name,Negligence,묵살,"특수 공격 피해가 15% 증가합니다. / 특수 공격: 소용돌이가 즉시 충전되고, 특수 공격 속도가 15% 감소합니다.","Special Attack Damage increases by 15%. / Special Attack: Whirlwind is immediately charged, and Special Attack Speed decreases by 15%."
Oracle’s Staff,Staff_Ice_Tier3IceSpear,522,weapon,3,521,,,active,Weapon_0522_Name,Oracle’s Staff,무녀의 예언,무기 공격을 3회 적중시키면 조준 방향으로 아티팩트 볼루스파를 발동시킵니다.,Activate artifact Voluspa in the aimed direction after hitting Weapon Attack 3 times.
Overhanging Storm Cloud,Icon_Dagger_Lightning0,1204,weapon,3,1203,,,active,Weapon_Lightning2_Name,Overhanging Storm Cloud,드리운 암운,"먹구름의 추가 피해량이 15%, 번개속성 피해가 5 증가합니다.","Extra Storm Cloud damage increases by 15%, Lightning Damage increases by 5."
Perfect Balance,Icon_ShieldSword_Tier2_B,2,weapon,2,0,6 7,,active,Weapon_0002_Name,Perfect Balance,공방일체,"공격 속도가 15% 증가하고, 일반 공격 시 전방을 자동으로 가드합니다.","Increases Attack Speed by 15% and, when performing Normal Attack, automatically uses Block in front."
Pristine Form,Icon_GreatSword_N_Tier3_D,1118,weapon,3,17,,,active,WeaponGreatsword_PurpleBiglazer_Name,Pristine Form,태초의 형태,"일반 공격, 대시 공격의 레이저가 더 커지고 피해량이 25% 증가합니다.",Normal Attack and Dash attack lasers become larger and damage is increased by 25%.
Protection of the Fuzz,Icon_ShieldSword_Tier2_A,1,weapon,2,0,4 5 1020,,active,Weapon_0001_Name,Protection of the Fuzz,솜털의 보호,가드 성공 시 가드에 소모되는 MP가 50% 감소합니다.,"Upon a successful Block, the Block MP cost is reduced by 50%."
Purple Jacket,Crossbow_Poison,121,weapon,3,119,,,active,Weapon_0121_Name,Purple Jacket,자갑벌궁,중독 중첩이 3 증가합니다.,Poison stack increases by 3.
Quarterstaff,Staff,500,weapon,1,,501 505 509 513 517 521 525 529,,active,Weapon_0500_Name,Quarterstaff,봉,,
Rapier,Icon_Rapier_Tier2,1006,weapon,2,0,1007,,active,Weapon_Rapier_Name,Rapier,레이피어,"대시 공격이 비활성화되고, 일반 공격이 대시 공격 판정으로 변경됩니다. 공격 속도가 10% 증가합니다.","Dash attack is disabled, and Normal Attack is changed to Dash attack type. Attack Speed increases by 10%."
Red Snake Crush,GreatSword_Fire_Axe,1123,weapon,3,1122,,,active,Weapon_1123_Name,Red Snake Crush,붉은 뱀의 분쇄,"아티팩트 붉은 뱀의 눈의 피해량이 33% 증가하고, 일반 공격시 재사용 대기시간이 2.5초 감소합니다.","Artifact Damage dealt by Red Snake Eyes increases by 33%, and cooldown is reduced by 2.5 seconds when using Normal Attack."
Rendblade - Drifting Willow,katana_Basic_Iaido,410,weapon,3,409,,,active,Weapon_0410_Name,Rendblade: Drifting Willow,검참도: 비류,"치명타 확률이 30% 증가하고, 일반 공격: 대거합베기의 범위가 전체공격으로 변경됩니다.","Critical Chance increases by 30%, and the range of Normal Attack: Great Iaido Slash changes to a full attack."
Rendblade - Heavenrend,katana_Basic_Tier2,409,weapon,2,400,410 411,,active,Weapon_0409_Name,Rendblade: Heavenrend,검참도: 천광삭,일반 공격을 통해 검참을 획득합니다. 특수 공격: 강베기가 일반 공격: 거합베기로 변경됩니다.,Gain Sword Strike through Normal Attack. Special Attack: Heavy Slash changes to Normal Attack: Iaido Slash.
Rendblade - RuinDance,katana_Basic_Speed,411,weapon,3,409,,,active,Weapon_0411_Name,Rendblade: RuinDance,검참도: 파무,"일반 공격: 대거합베기를 사용할 수 없지만, 검참 게이지 100% 시 난무 버프를 획득합니다.","You cannot use Normal Attack: Great Iaido Slash, but when the Sword Strike gauge is at 100%, you gain the Barrage buff."
Ringless Staff,Staff_Extend_Tier3_Crit,507,weapon,3,505,,,active,Weapon_0507_Name,Ringless Staff,무환석장,"치명타 확률 능력치가 30% 이하인 경우, 주는 피해가 20% 증가합니다.","If Critical Chance is below 30%, increase damage dealt by 20%."
Ruadhslea Spear,Staff_Spear_Tier3Damage,514,weapon,3,513,,,active,Weapon_0514_Name,Ruadhslea Spear,돌격창 루아슐레아,공격 속도가 10% 증가합니다. 무기 공격 시 대시 횟수 능력치 1당 피해량이 5% 증가합니다.,Attack Speed increases by 10%. Damage increases by 5% for every point of Dash Count attribute when attacking with a weapon.
Sacred Jar,CarrotPot,530,weapon,3,529,,,active,Weapon_0530_Name,Sacred Jar,신성한 항아리,일반 공격에는 동료가 입히는 피해량 능력치가 합산됩니다.,Normal Attack combines Companion Damage stats.
Scale of the Astral Sea,Staff_Special_Tier3Crystal,510,weapon,3,509,,,active,Weapon_0510_Name,Scale of the Astral Sea,성해의 편린,가드 성공 후 일반 공격 시 ‘수정 폭발’을 사용합니다.,"After a successful Block, use 'Crystal Explosion' on Normal Attack."
Silence of Everfrost,katana_Ice_Eco,420,weapon,3,419,,,active,Weapon_0420_Name,Silence of Everfrost,만년설의 침묵,태클이 특수 공격: 아이스 슬라이딩으로 변경됩니다. 무적 시간 동안 적의 공격을 막으면 아티팩트 빙하의 메아리가 즉시 발동됩니다. 발동될 때 주변 적에게 피해를 입힙니다. (피해량: 얼음속성 피해의 120%),"Tackle changes to Special Attack: Ice Sliding. Blocking enemy attacks during invincibility triggers the artifact Echo of the Glacier immediately. Upon activation, it deals damage to nearby enemies. (Damage: 120% of Cold Damage)"
Solis Braca,Staff_Fire_Tier3FlameSword,519,weapon,3,517,,,active,Weapon_0519_Name,Solis Braca,솔리스 브라카,태양검 회수 시 1개가 추가로 회수됩니다. 특수 공격이 특수 공격: 태양창 단조로 변경됩니다.,"When retrieving Solar Blade, you will retrieve an additional 1. Special Attack is changed to Special Attack: Solar Spear Forging."
Solis Cineris,GreatSword_Fire,1124,weapon,3,1122,,,active,Weapon_1124_Name,Solis Cineris,솔리스 키네리스,무기 공격 시 태양검이 2회 추가 발동합니다. 태양검의 치명타 피해가 36% 증가합니다.,Solar Blade triggers an additional 2 times when Weapon Attack. Increases Critical Damage of Solar Blade by 36%.
Solis Ekli,katana_Fire_FlameSword,422,weapon,3,406,,,active,Weapon_0422_Name,Solis Ekli,솔리스 에클리,납도가 일식으로 변경됩니다.,Sheath changes to Eclipse.
Solis Imber,Dagger_FlameSword,1214,weapon,3,1200,,,active,Weapon_FireDaggerFlameSword_Name,Solis Imber,솔리스 임베르,특수 공격: 퓨리 적중 시 태양검을 전부 발동합니다.,"On Special Attack: Fury hit, activate all Solar Blade."
Solis Iubar,Crossbow_FlameSword,124,weapon,3,108,,,active,Weapon_0124_Name,Solis Iubar,솔리스 유바르,"무기 피해량이 15% 감소하지만, 태양검 피해량이 35% 증가합니다.","Weapon Damage decreases by 15%, but Solar Blade Damage increases by 35%."
Solis Missio,ShieldSword_FireGuard,1025,weapon,3,1024,,,active,Weapon_SolisMissio_Name,Solis Missio,솔리스 미시온,'재점화' 효과를 획득합니다. 가드 중 이동 속도가 90% 감소합니다.,"Gain the 'Reignite' effect. While Block, Move Speed is reduced by 90%."
Spike Club,Icon_GreatClub_Spike,1101,weapon,3,1100,,,active,WeaponGreatsword_SpikeClub_Name,Spike Club,가시 방망이,무기 공격으로 치명타 피해적중 시 관통 가시를 3개 발사합니다. 공격의 추가 치명타 피해량 20%당 가시가 하나 추가됩니다. (피해량: 물리 피해의 26%),Fires 3 piercing spikes upon a Critical Damage hit with a Weapon Attack. An additional spike is added for every 20% extra critical damage of the attack. (Damage: 26% of Physical Damage)
Staff Lightning Tier 3 Cloud,Staff_Lightning_Tier3Cloud,527,weapon,,,,,active,Weapon_0527_Name,Staff Lightning Tier 3 Cloud,Staff Lightning Tier 3 Cloud,,
Staff of Embers,Staff_Fire,517,weapon,2,500,518 519,,active,Weapon_0517_Name,Staff of Embers,잿불의 봉,"무기 공격의 피해량이 15% 감소하지만, 화염속성 피해 기반으로 변경됩니다.","Damage dealt by Weapon Attack is reduced by 15%, but it is changed to Fire Damage."
Staff of Great Might,Staff_Rolling_Tier3Protection,502,weapon,3,501,,,active,Weapon_0502_Name,Staff of Great Might,대력곤,"일반 공격 피해가 30% 증가하고, 공격 도중에는 방어력의 5%만큼 보호막을 얻습니다. (20초마다 갱신)","Normal Attack Damage increases by 30%, and while attacking, gain Shield equal to 5% of Defense. (Refreshes every 20 sec.)"
Staff of Rime,Staff_Ice,521,weapon,2,500,522 523,,active,Weapon_0521_Name,Staff of Rime,백상의 봉,"무기 공격의 피해량이 15% 감소하지만, 얼음속성 피해 기반으로 변경됩니다.","Damage dealt by Weapon Attack is reduced by 15%, but it is changed to Cold Damage."
Staff of Storms,Staff_Lightning,525,weapon,2,500,526 528,,active,Weapon_0525_Name,Staff of Storms,뇌정의 봉,"무기 공격의 피해량이 15% 감소하지만, 번개속성 피해 기반으로 변경됩니다.","Damage dealt by Weapon Attack is reduced by 15%, but it is changed to Lightning Damage."
Starlight,Icon_ShieldSword_Tier3_A,4,weapon,3,1,,,active,Weapon_0004_Name,Starlight,별의 반짝임,가드 성공 시 공격자의 피해량의 300%를 반사합니다. (퍼펙트 가드 시 400%),"On a successful Block, reflects 300% of the attacker’s damage. (400% on Perfect guard)"
Steel Greatsword,Icon_GreatSword_Tier1,10,weapon,1,,11 12 17 1100 1102 1104 1107 1112 1122,,active,Weapon_0010_Name,Steel Greatsword,강철 대검,,
Stone Sword,ShieldSword_StoneSword,1020,weapon,3,1,,,active,Weapon_SwordAndShieldDefense_Name,Stone Sword,바위검,특수 공격: 휩쓸기가 특수 공격: 방패치기로 변경됩니다.,Special Attack: Cleave is changed to Special Attack: Shield Bash.
Successor,StaffThrow_Magic,532,weapon,3,529,,,active,Weapon_0532_Name,Successor,계승자,마법서 피해량이 30% 증가합니다.,Grimoire Damage increases by 30%.
Superconductor,ShieldSword_Lightning_Spear,1018,weapon,3,1016,,,active,Weapon_LightningSwordAndShield_T3S_Name,Superconductor,초전도체,특수 공격: 휩쓸기가 특수 공격: 번개 창으로 변경됩니다.,Special Attack: Cleave changes to Special Attack: Lightning Spear.
Swarming Shadow,Icon_GreatSword_N_Tier2_B,12,weapon,2,10,16 1125,,active,Weapon_0012_Name,Swarming Shadow,모이는 그림자,"특수 공격: 소용돌이 충전 시간이 100% 증가하지만, 일반 공격 피해가 20% 증가합니다.","Special Attack: Whirlwind charge time increases by 100%, but Normal Attack Damage increases by 20%."
Swift Regret,Icon_GreatSword_N_Tier3_C,16,weapon,3,12,,,active,Weapon_0016_Name,Swift Regret,짧은 자책,일반 공격의 마지막 공격을 2회 추가로 휘두를 수 있습니다. 일반 공격 피해량이 10% 증가합니다.,You can swing the final attack of the Normal Attack 2 additional times. Increases Normal Attack damage by 10%.
The Awaiting Azureblade,katana_Magic_Tier2,412,weapon,2,400,413 414,,active,Weapon_0412_Name,The Awaiting Azureblade,기다리는 청휘검,납도 시 '검참'을 지속적으로 획득합니다. 마법 사용 시 검참 10을 소모해 마법서 피해량 20%를 증가시킵니다.,Continuously gain 'Blade Slash' when Sheath. Consumes 10 Blade Slash when casting magic to increase Grimoire Damage by 20%.
The Barnacle,Crossbow_SG_C4,127,weapon,3,104,,,active,Weapon_127_Name,The Barnacle,따개비,"일반 공격, 대시 공격 시 점착 폭탄을 부착합니다. 특수 공격이 특수 공격: 폭발로 변경됩니다.","On Normal Attack and Dash attack, attaches Sticky Bomb. Special Attack changes to Special Attack: Explosion."
The Emberforged,GreatSword_Fire_Minor,1122,weapon,2,10,1123 1124,,active,Weapon_1122_Name,The Emberforged,잔불 단조검,무기 공격 시 자신의 화염속성 피해의 30%만큼 추가 피해를 가합니다.,"When performing a Weapon Attack, deal additional damage to the target equal to 30% of Fire Damage."
The Inquisitor,GreatSword_Red2,1115,weapon,3,1107,,,active,WeaponGreatsword_RedSimple_Name,The Inquisitor,이단심문관,무기로 가한 물리 피해가 혼돈 속성으로 적용됩니다. 특수 공격: 소용돌이가 특수 공격: 상처 폭발로 변경됩니다.,Physical Damage dealt with Weapon is applied as Chaos. Special Attack: Whirlwind is changed to Special Attack: Wound Explosion.
The Second,Icon_GreatSword_Tier3_E,18,weapon,,,,,active,Weapon_0018_Name,The Second,두 번째,,
Thunder Sword 'Bronte',katana_Lightning_Tier2,404,weapon,2,400,405 425,,active,Weapon_0404_Name,Thunder Sword 'Bronte',전격도 브론테,"무기 공격의 피해량이 20% 감소하지만, 번개속성 피해 기반으로 변경됩니다.","Damage dealt by Weapon Attack is reduced by 20%, but it is changed to Lightning Damage."
Tiny Destruction,Icon_ShieldSword_Tier2_C,3,weapon,2,0,9 1023,,active,Weapon_0003_Name,Tiny Destruction,작은 파괴,특수 공격: 휩쓸기 피해량이 40% 증가합니다.,Special Attack: Cleave damage increases by 40%.
Tome of Mimicry,Dagger_Magic,1211,weapon,3,1212,,,active,Weapon_Dagger_Tier3_Magic_Name,Tome of Mimicry,모방의 서,특수 공격: 퓨리가 마법서: 복제로 변경됩니다.,Special Attack: Fury changes to Grimoire: Duplicate.
Troubling Delight,GreatSword_Laser_Minor,17,weapon,2,10,1117 1118 1120,,active,Weapon_0017_Name,Troubling Delight,불편한 기쁨,무기 공격이 레이저로 변경됩니다.,Weapon Attack is changed to a form that uses Laser.
Unbound Immersion,Dagger_EvadeT3_Fury,1209,weapon,3,1208,,,active,Weapon_1209_Name,Unbound Immersion,가없는 침잠,회피 1당 몰입의 충전 속도가 0.25% 추가로 증가합니다. 회피에 따른 충전 속도의 상한이 삭제됩니다.,"For every 1 Evasion, Trance’s charge speed increases by an additional 0.25%. The charge speed cap from Evasion is removed."
Viduka,Staff_Lightning_Tier3Chakram2,526,weapon,3,525,,,active,Weapon_0526_Name,Viduka,비듀카,"전격 차크람의 피해량이 20% 증가하고, 회전 반경이 조준점까지 늘어납니다.","Damage dealt by Electro Chakram increases by 20%, and its rotation radius extends to the crosshair."
War Hammer,Icon_ShieldSword_Tier2_IronHammer,1002,weapon,,,,,active,Weapon_Hammer_Name,War Hammer,워 해머,,
Weight of the Sea,Staff_Extend_Tier3_Guard,506,weapon,3,505,,,active,Weapon_0506_Name,Weight of the Sea,바다의 추,"가드 성공 시, 무거운 봉 버프를 획득합니다.","Upon Block success, gain Heavy Staff buff."
Wings of Lightning,Icon_ShieldStaff_Lightning,1010,weapon,3,1004,,,active,Weapon_LightningWand_Name,Wings of Lightning,번개의 날갯짓,무기 공격이 번개속성 피해 기반으로 변경됩니다. 특수 공격의 피해량이 20% 증가합니다.,Weapon Attack is changed to be based on Lightning Damage. Special Attack damage increases by 20%.
Winter Smith's Draftblade,katana_Ice_Tier2,419,weapon,2,400,420 421,,active,Weapon_0419_Name,Winter Smith's Draftblade,겨울 대장장이의 습작,납도는 태클로 변경됩니다. 무기 공격 시 얼음속성 피해의 15%만큼 추가 피해를 가합니다. 얼음속성 피해가 3 증가합니다.,Sheath is replaced with Tackle. Adds additional damage equal to 15% of Cold Damage on Weapon Attack. Cold Damage is increased by 3.
Wooden Club,Icon_GreatClub,1100,weapon,2,10,1101 1119,,active,WeaponGreatsword_Club_Name,Wooden Club,나무 방망이,"더 이상 대시 공격을 쓸 수 없지만, 일반 공격으로 주는 피해가 20% 증가합니다.","Dash attack can no longer be used, but damage dealt by Normal Attack is increased by 20%."
XRA-9,Crossbow_Pierce_Cooldown,123,weapon,3,122,,,active,Weapon_0123_Name,XRA-9,XRA-9,"일반 공격으로 마지막 탄환을 사용할 때, 모든 마법서와 발동형 아티팩트의 현재 재사용 대기시간이 25% 감소합니다.","When using the last bullet with a normal attack, the current cooldown of all Grimoire and Active Artifact is reduced by 25%."
Yui's Short Dagger,katana_Magic_Crit,413,weapon,3,412,,,active,Weapon_0413_Name,Yui's Short Dagger,유이의 소단검,마법서의 치명타 확률이 30% 증가합니다.,Grimoire Critical Chance increases by 30%.
